1,0,예슬언니!
2,0,30대를 앞두고 남은 20대를 걱정하고 조급해하는 사람들에게 하고 싶은 말은 무엇인가요?????
3,0,2. 꼭 무언가를 이뤄야지만 가치있는 인생인가요??
4,1,? 언니만의 인간관계 팁은? ? 그리고 예를 들어 만나면 불편하고 싫은 사람이 있는데 상황때문에 그 관계를 계속 이어나가야 하는 상황이면 어떻게 하실 건 가요??
5,2,"1. 학창시절 추억 썰 듣고 싶어여??
2. 나의 일상에 영감을 주는 사람은?
3. 우리나라에서 가장 좋아하는 장소는?
4. 다음 해보고 싶은 타투는?
자세히 보기"
6,3,언니는 우울함이 찾아왔을 때 어떻게 대처하시나요?
7,3,코로나 덕분에(?) 집에 있는 시간이 많아지면서 전보다 우울해지는 시간이 많아졌어요.
8,3,"언니한테 우울함이란 무엇인지, 그리고 언니만의 현명한 대처법을 알고 싶어요!"
9,4,언니 최근에 사신것중에 제일 잘샀다!!
10,4,생각하는 템이 뭔가용?
11,5,인생에서 진짜 친구가 없는 것 같아요.
12,5,그게 제 잘못일수도 있지만 외로움이 느껴지고 슬프기도 해요.
13,5,이런 고민도 들어주실 수 있을까요?
14,5,?? 항상 잘 보고 있습니다
15,5,??
16,6,앞으로 도전해보고 싶은 꿈이 있다면??!????
17,7,내가 이걸 이시간에 본건 운명이야 언니 궁금한거 너무 많은데 하나만 묻자면 언니의 긍정 마인드는 어디서 나오는지 넘 궁금해요
18,7,???
19,8,"예슬언니는 올해, 그리고 앞으로 10년안에 꼭 이것만은 극복해보려는게 있다"
20,8,던가 꼭 해보고싶은게 있다면 무엇인가요!
21,9,"????배우 예슬언니에게
?대본 외우는 꿀팁이나 방법
?가장 기억에남는 드라마 촬영씬
?앞으로 해보고 싶은 드라마 장르나 역할

???♀???인간 예슬언니에게
??한예슬의 10대,20대는 어땠는가요?"
22,9,??자신의 10년뒤 모습이 어떨거 같나요?
23,9,"??인생에서 가장 힘든순간이 있으셨다면 어떻게 버틸수있었는지
??배우를 하지 않았다면 무엇을 하고 있었을지

????유튜버 예슬언니에게
??유튜브 잘했다고 생각드는 순간은?
??유튜브를하면서 달라진 점은?
??유튜브를 시작하면서 노력하고있는점은?(편집이나 컨텐츠등등..)

??인간으로서의 한예슬???♀? , 배우로서의 한예슬?? , 유튜버로서의 한예슬??의 차이점과 앞으로의 비전,계획은?"
24,10,정말 완벽한 외모를 가진 누님에게도 본인에게 부족함을 느끼나요???
25,11,언니 그댄달라요도 좋아하지만 Memory라는 노래도 좋아하는데 Memory도 불러주실수 있나용?? 언니 영어 엄청 잘하는데 영어가 편해요?
26,11,"한국어가
편해용? 두가지 언어 잘하는 분들은 숫자세는건 영어가 편하다는 사람이 많던데 언니는 막 영어가 더 편한 경우 있으면 언제인지 궁금해용!!!! 언니 사랑해요!!!!!"
27,11,?????? 우리 언니 꽃길만 걷자????????????
28,12,"Q.언니가 생각하는 ""가치있는 인생"" 이란 무엇인가요??"
29,12,또 요즘 취업준비 하면서 자존감이 많이 떨어져 있는데 언니만의 자존감 높이는 노하우? 있으면 공유해주세요!!
30,13,슬럼프가 심하셨을때랑 슬럼프를 견뎌내신 방법이 궁금해요ㅠ
31,14,언니 인생에서 가장 독하게 뭔가 해보셨던 경험이 무엇인가여?
32,15,이깨까지 찍었던 화보중에서 가장 마음에 드는 화보 best5
33,16,혹시 피부 관리나 그런건 어떻게 하나요??
34,16,혹시 무례 하다면 죄송합니다 ㅜㅠ
35,17,배우가 되지 않았다면 무엇이 되었을것 같나요?
36,17,어떤일을 할 때 제일 재미있다고 느끼는지 궁금합니다
37,17,??
38,18,"언니가 지금까지 간 해외 중 제일 좋앗던 나라는? 혹은 추천하는 나라는?
언니가 지금까지 한 드라마 중 맘에들엇던 탑3
언니가 트와일라잇 벨라역을 맡는다면 어떤기분일지?"
39,18,궁금합니다
40,18,아?
41,19,저번 qna에도 나왔을라나....?
42,19,"""한 예 슬"" 이름의 뜻이 궁금해"
43,20,잠이 안 올때 어떻게 하시는지..
44,20,"무슨 노래를 들으시는지두...
잠이 안와서 날을 지새다 보면 너무 우울하고 새벽이 길고..."
45,20,우울해요ㅠㅠ
46,21,또 하고싶은 의미있는 문신이 있나요?
47,21,??
48,22,인생노잼시기가 오면 언니는 어떻게 극복하세요?
49,23,언니 사람을 사귈때 제일 중요하게 생각하는건 뭐예요??
50,24,연예계에서 가장 인성 좋은 연예인이 궁금해요
51,25,언니는 옛날부터 긍정적이고 애교가 많았나요??
52,26,"개인적으로 가장 인물이 좋은 여자,남자 연예인은 누구 인가요?"
53,27,"저는 종강해서 방학중에 넷플릭스 못본거 볼려고 찾아보는데 
혹시 추천해줄만한 넷플릭스 드라마나 영화 있나요!!!"
54,28,삼천포가 할머니댁이라 촬영하셨던 (독일마을)에서 환상의커플 촬영하실때 할머니 손 잡고 구경가곤 했는데 벌써 제가 스물다섯이에요..!
55,28,멀리서나마 많은 카메라들과 스텝들. 언니를 보며 신기해서 방방 뛰었던 기억이 새록새록해요
56,28,"시간도 참 빠르지만 언니에 대한 마음도 정말 같이 커온것처럼 그대루우얌...?????♀???
환상의커플 촬영하실때 가장 재밌었던점/행복했었던점과  힘들었던점 궁금해요!"
57,28,제 예상이지만 힘들었던점은 아무래도 거리가 먼점도 있을듯해요 ㅠㅠ
58,29,"Hello I’m fan for you for long time i love your dramas and I hope to see you again in running man, my question is which one of your drama you miss it and which one you fell you fall for it and you want to live it? And all love for your personalty I respect your choices and how you live your life us you want keeping your self positive and be healthy and safe????????"
59,30,언니는 어떨 때 제일 나다운 모습이라고 생각해요?
60,31,언니 동안인비결이 뭐에요 ??
61,31,????
62,32,"믿었던 사람에게 배신 당했을 때, 그 절망감과 부정적 감정을 어떻게 극복하고 다루면 좋을지 언니의 의견이 궁금해요!!"
63,33,만약에 언니가 좋아하는 사람이 그렇게 좋은 사람이 아닌 것 같으면 어떻게 하실건가요..?
64,34,이쁜이 언니!
65,34,"난 다른 사람들의 눈치를 많이보고,  
몇몇의 사람들이 나를 향해서 비아냥대고 외모를 지적하거나 인신공격을 해. 그럴 때마다 그냥 못 들은 척 지나가거나 그 자리에서 도망치듯 나와.  그래서 친구랑 있거나 가족이랑 있거나 그럴 때는 자존감이 괜찮다고 생각하는데 그런 나를 까내리는 말을 하는 사람들 앞에서는 한없이 작아지고, 자존감이 바닥을 치는 거 같아."
66,34,그럴 때 뭐라고 해야지 속 시원하게 뒤통수를 때릴 수 있을까??
67,34,언니 사랑해?
68,35,발렌티노 행사에서 이렇게 까지 기자님들이 리액션 나온게 이례적이였다고 뜬 영상을 봤는데 혹시 그 영상 보셨나요 ??
69,36,어떻게 그렇게 예쁘실 수 있는 거죠
70,37,제 시선에서는 세상 좋은 건 다 가진듯한 언니가 생각하는 세상에서 가장 중요한 가치가 뭐라고 생각하세요 ?
71,37,영상 항상 잘 보고 있어요
72,37,내 롤모델님 ??
73,38,??언니가 만나본 여자 연예인 중 가장 언니 스타일로 이뻤던 분은 누구인가요?!!!
74,38,??
75,39,예슬언니의 최애 바디크림 & 향수 추천 ♥?♥?♥?
76,40,"예슬언니가 원하는 미래, 결혼하게 된다면 원하는 결혼 후 생활이 궁금해용~"
77,41,1등이다!ㅎㅎ
78,41,언니가 생각하는 언니라눈 사람은 어떤 사람같아용?ㅎㅎ ??
79,42,예슬언니 mbti 궁금해요
80,42,???
81,43,"Hi sister! I have two questions:

1- I would like to know, your 5 favorite series.

2- Would you like to play a villain if you were offered the role?

Kisses from a Brazilian fan!"
82,44,언니!!
83,44,"항상 너무 너무 예쁘고 사랑스러워 죽겠어용!! ????
질문은!! 
1. 맥심믹스커피에 에이스 찍어먹어보셨어요??"
84,44,"(짱 맛있답니다,,)"
85,44,2. 요즘 어떤 노래 주로 들으세요!?
86,44,3. 떡볶이 좋아하세요??
87,44,최애 떡볶이 집은 어디신가요!!??
88,44,4. 당근케이크 좋아하세요!??
89,44,5. 딸기요플레와 복숭아요
90,44,플레 중에 뭐가 더 좋아요??
91,44,"(저는 ??)
6. 놀이동산이 좋아요??"
92,44,워터파크가 좋아요??
93,44,7. 언니의 애착인형? 같은게 있나요??
94,44,"8. 요즘 춤 배우러는 안가시나용?? 
9. 새롭게 배워보고싶은게 있나용??
10. 언니같이 예뻐질려면 다음 생을 기약해야겠죠?? ㅎㅎㅎ"
95,45,친구와의 관계에서 서운했던 점을 말하는게 관계에 좋을까요
96,45,아니면 서운했던 점은 속마음에만 놔두고 말하지 않는게 좋을까요??
97,45,어떻게 생각하시는지 궁금해요!!
98,46,연애특강같은 여름댄스곡 내주실 생각은 없으신가요???ㅠㅠㅠㅠㅠ
99,46,목소리가ㅜ너무 상큼해서 녹을수도 있단말이예요ㅠㅠ
100,47,??한예슬 언니가 추천하는 영화나 드라마!!
101,47,"??언니만의 요즘 소확행
??최근 쇼핑한 것 중 가장 잘 산 템??
??베스킨라빈스 중 최애 맛 (아 언닌 고디바만 드시려나 모르겠지만...
??7월 버킷리스트가 있는지 궁금해요!"
102,48,"인관 관계를 유지하는데 거의 
먼저 연락하고 먼저 만나자고 하는데 계속 그렇게되다보니 나만 이 관계를 소중히 생각하는건가 하는 생각이 들어요."
103,48,내가 연락안하고 하면 자연스레 멀어질 것 같은 관계를 유지하는게 좋을까요
104,48,아니면 자연스레 멀어지는게 좋을까요??
105,48,인맥이 없다는 생각에 집착을 하게 됩니다.
106,49,"기분 우울할때 대처법!
혼자살으시면서 외롭다고느낀적이잇다면 언제인가요?"
107,49,언제부터 결혼에대해 다시 진지하게생각하게되었나요?
108,50,1. 언니 데일리 메이크업 영상 한번만 더 올려주시면 안되요?ㅠㅠ
109,50,(초보자용)으로요 2. 인생에서 가장 행복하고 후회되었던일 3. 이별의 슬픔을 어떻게 극복했는지 4. 앞으로 언니의 계획 5. 이상형 6. 우울할 때 극복하는 방법 7. 실례가 안된다면 최고 몸무게 그때 어떻게 다이어트를 시도했는지.
110,50,8. 코로나가 잠잠해지면 팬미팅 할 계획이 있으신지!
111,50,9. 살면서 가위에 눌려봤거나 귀신을 본 적이 있으신지 궁궁해용         언니 제가 완전 언니 찐팬이예요ㅎㅎㅎ
112,50,언니가 항상 인트로에 이쁘니들이라고 해줘서 너무 좋아요
113,50,사랑해요
114,50,언니
115,51,언니의 mbti
116,52,이런 질문 좀 그렇지만?? 제가 털이 많은게 고민이라서요...
117,52,"여름이기도 하고 ㅎㅎ 언니는 따로 털 관리 하시는지(제모, 왁싱...) 궁금해요!!"
118,53,한예슬 집에 있는 거울이 부럽습니다.
119,53,어떻게 하면 거울이 될 수 있나요?
120,54,더보기란이나 커뮤니티글은 예슬님이 쓰시는 건가요?
121,54,아니면 관계자분이 써주시는 건가요?
122,54,글이 음성지원 수준으로 예슬님 말투라서요
123,55,배우나 방송 아니면 어떤 일 했을 것 같아요?
124,55,어떤 회사 다녔을 것 같다
125,55,거나 어떤 사업 했을 것 같다
126,55,요런 거 귱금해요
127,55,??
128,56,언니 혹시 벌레 무서워하시나요 ??!??!?
129,56,집에 혼자 있을때 벌레가 나타나면 잘 죽이(?)는지 궁금해요
130,56,"(큰 벌레든 작은 벌레든) 
벌레 잡는 노하우나 팁있으면 알려주세용 ??"
131,57,"언니가 해보고싶었던 드라마의 역할이 있었다면
어떤 드라마의 어떤 역인지 궁금해요"
132,57,??
133,58,언니의 최애 향수 궁금해요!
134,59,언니가 생각했을때 인생에서 꼭 알아두면 좋은 팁들 있나요 ㅠㅠㅠㅠ
135,59,????????
136,60,와 사진 지인짜 예뻐요 화사하고 귀엽기까지해... 질문하려다 잊어버렸잖아요ㅠ
137,61,다른사람들는 친구나 사회생활하면서 상처를 가장 많이 받는다지만 저는 가족에게서 상처를 가장 많이 받아요.
138,61,언제나 곁에서 힘이 되어주는게 가족이라고 그러던데 저의 우울증을 알면서도 정신이 이상한사람 취급하는데 너무 상처를 받아서 집에서 아무말도 안하고 그러고 지내고있습니다.
139,61,취업되면 독립하려구요.
140,61,"그런데 가끔은 이게 맞는구나 싶으면서도 밥먹으라는 말, 어디가냐는 말을 들을때마다 내가 가족으로써 못할짓을 하고있는건가 고민이 들어요."
141,61,"어떻게해도 끊어낼 수 없는데 혈연이라는데, 이해와 사랑을 받지 못하는 가족들에게 저는 어떻게 해야할까요?"
142,62,1.길거리에서 팬분들이 마주쳐서 인사하고 사진찍어달라고 한다면 부담스러우신가요ㅠ.ㅠ!?
143,62,2.집에서 혼자있는데  갑자기 무서울때는 어떻게 하나요
144,62,"???

3.요즘 유행했던 밸런스게임을 컨텐츠로 만드시는건 어떠신지!!"
145,62,개인적으로 너뮤 재있을것같어요 ㅎ.ㅎ
146,63,예슬언니 살면서 부모님께 했던 가장 큰 효도는 뭐에요?
147,63,(저는 아직까지 철부지 딸...엄빠 사랑해♡)
148,64,"얼굴 몸매 재력 부족한거 없어보이는
언니에게도 부족한부분이나 컴플렉스가 있나요?!"
149,65,언니 mbti 뭔가요 ??!
150,65,성격 너무 닮고 싶어요
151,65,??
152,66,"?언니 노력에 비해 사람들이 몰라주는 부분이 있다면?
?어릴적이지만 생생한 행복했던 장면은 ?
?요즘 언니가 들으면 가장 행복할 것 같은 칭찬이나 말은 ?
?언니의 인생에 어떤 부분을 골라 영화로 만든다면 어떤 시기, 어떤 장르가 좋을까요 ?"
153,66,"?미래 언니의 아들,딸의 이름을 지어본다면 ?
?소설이나 영화 속 캐릭터 중 실존인물이면 좋겠다고 생각하는 사람은 ?
?언니의 길티 플레저(guilty pleasure)는?
?언니 집에서 가장 오래된 물건은 ?

??언니 늘 콩깍지 낀 시선으로 언니 유튜브를 보고 있는 이쁜이입니당??언니가 편하거나 즐거워보이면 제가 다 기분이 좋더라구요"
154,66,??
155,67,MBTI 궁금해요
156,67,??
157,68,언니의 데뷔 슈퍼모델 나가게 되신 계기가 어떻게 되시나용??!!
158,69,거울을 볼때 어떤 기분인지..
159,69,그 외모로 살면 얼마나 행복한지 궁금하네요
160,70,예슬언뉘~!!! 예쁜이들을 위해서 언니가 요즘 읽는 책이나 추천하고 싶은 책 알려주세용~!!???? 코로나 때문에 집콕을 하다
161,70,보니 언니가 재밌게 읽었던 책을 같이 읽어보며 힐링하고 싶네요
162,70,???
163,71,만약 현실에 만족하지 못할 때!! 언니는 주어진 현실 속에서 소확행을 찾아 만족하려고 노력하는 편! vs 더 이상적인 현실로 나아가기 위해 노력하는 편! 어떤것에 가깝나요?
164,72,1.제 자신을 수용하기가 너무 어려워요.
165,72,부러운 사람들이 너무 많아요.
166,72,어떻게 하면 나를 있는 그대로 수용할 수 있을까요?
167,72,2.친구가 없어서 결혼식 하객으로 부를 사람이 없어 고민이에요.
168,73,슬의에서 나오는 대사죠?
169,73,"기억이 잘 안나지만 ..
""넌 널 위해 무얼해주고 있어?"""
170,74,"누님 ... 사람들도 만나시 싫고, 자존감이 낮아질 땐 어떻게 극복하는 게 좋을까요?"
171,75,언니의 MBTI는????
172,76,예슬 언니는 인간관계 가치관에 확실한 것 같아요!
173,76,사람 사이에 연이 끊긴 경우에 언니는 어떻게 대처하시나요?
174,76,너무 친했고 좋아했던 사람이면 다시 연락해도 괜찮은건지..
175,76,인생에서 다시 그사람같은 친구 못만날 것 같지만 밉기도하고..
176,76,뭐가 맞는건지 모르겠어요
177,76,예슬언니 생각이 궁금해요
178,77,이제까지 받았던 선물 중에 가장 기억에 남는 게 뭔지 궁금해요
179,78,언니 저는 아직 속마음을 편하게 이야기 할 수 있는 친구를 못만났어요 ㅠㅠ
180,78,예슬언니는 속마음을 이야기할 수 있는 친구가 많이 있으신가요?
181,78,언젠가 저도 인생 친구를 만날 수 있을까요....?
182,79,많이 들었겠지만 아직도 이쁘단말을 들으면 기분이 좋나요?
183,80,앞으로의 삶의 목표요!
184,81,"I had to google translate this to understand ??
1. What is your biggest pet peeve?
2. Biggest fear
3. If you can turn back time, do you still wanna become a celebrity
4. When was it that you realized from this moment on things will never be the same for you because now you’re famous?
5. What advice would you give to your younger self?
6.What do you wished you were asked about more?

I ENJOYED WATCHING ALL YOUR VIDEOS AND I LOVE YOUU ????????"
185,82,피부 관리 시술 추천해주세요~~!
186,83,연예인 안했으면 무슨일 하셨을지?
187,84,계획보다 폭식을 하게되면 의지까지 무너져버려요..ㅠㅠ
188,84,예슬 언니는 의도와 달리 과식이나 폭식하게 되었을때 어떤 마음가짐을 가지시는지 궁금해요
189,85,"예슬언니는 솔직한 매력이 있으신데, 저는 사람들에게 솔직하게 말을 못하겠어요ㅠㅠ"
190,85,상대가 상처받을 거 같아서 착한 척 하게되고 솔직하게 못 털어놓는데 언니만의 솔직함 비결이 있나요??
191,86,ㅡ Q&A ★  언니가 이제까지 찍으셨던 작품중에 가장 인상 깊었던 드라마는요???????^^
192,86,*~~~~~~~
193,87,"전 요즘 제가 왜 사는지, 뭘 위해 사는지 모르겠어요."
194,87,"예슬이언니는 왜, 무엇을 위해 살아가시나요??"
195,88,제일 좋아하는 음식은 뭐에요?
196,88,"제일 좋아하는 가수는?
제일 좋아하는 배우는?
제일 좋아하는 드라마는?
가장 인상깊게 봤던 영화가 뭐에요?"
197,88,"영화 추천 해주세영!
제일 좋아하는 캐릭터는용?"
198,89,한분야에서 성공하고 존경받는 분이신 만큼 후배 배우들이 존경하는 선배님이라고 언급할때의 기분이 궁금해요
199,89,??
200,90,논스톱4 함께하던 친구들하고 아직도 연락하시나요?
201,90,"장근석,오승은,이윤지 등과 동고동락했을때 ㅋㅋㅋ"
202,91,"저두 언니처럼 내가 진짜 좋아하는 일을 하고 싶고, 찾고 싶어요.."
203,91,"저는 아직도 여전히 진로, 직업 고민인 제가 남들보다 뒤쳐지는 것 같아서 괴로워요"
204,91,????
205,92,지금까지 먹어봤던 여러음식들중에 가장 기억에 남아서 또 먹고싶다!!!.하는 음식 TOP3요!
206,92,:-)
207,93,언니 목소리가 너무 좋아서 그런데 혹시 asmr 영상은 올려주실 생각 없으신가요??!!
208,93,이팅사운드 말고 언니 목소리로.....??
209,94,"1. 연예인 하면서 제일 힘들었던 점!!!!
2. 연예계가 진짜 독해야 살아남는다는데 진짜 그 정도로 ㅎㄷㄷ인가요????"
210,95,"???예슬언닝???
29에서 30살로 넘어가던 새해 기분은???
언니는 언제 '어른이 되었다'고 느꼈어요??"
211,95,"언니도 남들보다 뒤처진다는 느낌을 받기도 하시나용??
미모 열일하시구 코로나 조심해용?????"
212,96,고등학생인데 요즘 공부도 잘 안잡히고 ㅠ 삶이 너무 무기력해 진거 같아요..
213,96,언니만의 슬럼프 극복법이 있나용 ㅜㅜㅜ
214,97,언니도 방구 뿡뿡 껴요??
215,98,언니 햄버거 먹어봤어요??
216,98,언니의 인생 버거 이야기 해주세요
217,99,배우가 꿈인 고1 인데 너무 늦은것 같고 어디서 부터 시작해야 할지 모르겠고 제가 정말 이 일를 잘 할까 고민이 에요ㅜ
218,99,언니는 배우를 어떻게 시작하셨는지 궁금해요!!
219,100,Do you think that you have reached the top of your career when you can just be satisfied with the results or you think that there’s still a way to go ahead?
220,101,How do you stay forever young? I seriously want to be your best friend ?? ?
221,102,"예슬언니의 핑크머리 어느샵에서 한건가여?
언니의 인생최대의 고비는 무엇이었나요?"
222,102,알고 싶어요 ?
223,102,인생최대의 행복은 어떤건지도요?
224,103,꿈은 어떤 언어로 꾸시나요?
225,103,?? 유학 오래하신 분 얘기를 들어보니까 꿈을 꾸는 언어가 한국어에서 다른 언어로 바뀌었다고 해서 굉장히...신기했어요
226,103,:D  아님 혹시 영어로 꿈을 꾸신 적이 있으신가요?
227,104,내가 그토록 원하고 원했던 일이 이루어지지 않았을때나 누군가 나에게 뒷통수를 쳤을때 언니라면 어떻게 대처하나 알고싶어요 ㅠㅠ
228,104,제가 지금 그런 상황인데 슬프기만 하고 어떻게 행동해야할지 모르겠거든요..ㅠㅠ
229,105,"1. 나만의 가르마 잘 타는 법!
2. 하루에 잠 몇시간 자요?"
230,105,3. 집안에서의 주 스타일 궁금해요!
231,105,(저는 머리카락 다 쓸어올리는 헤어밴드 필수착용해요..ㅎ)
232,105,영상 항상 잘 보고 있어요ㅎㅎ
233,106,유투브 영상 보면 도전하고 계속 바쁘게 일을 해나가시면서도 밝은 모습들이 많이 보여져서 에너지 많이 얻었어요!
234,106,한예슬님의 삶의 목적이 뭔지 궁금해요!
235,107,연하남어때요?
236,107,위아래 몇살까지!?
237,108,제가 그냥 친구는 많은데 절친은 없는거같아요ㅠㅠ
238,108,어떻게 하면 절친을 만들 수 있을까요?
239,109,용서못할 사람을 용서하는 법이나..
240,109,언니는 그사람을 어떻게 대하고 그 사건에 어떻게 반응하는지 궁금해요~
241,110,언니의 기준에서 연예인들 중에 여자 연예인 남자 연예인 누가 제일 예쁘고 잘생겼다고 생각하세요?^^
242,110,30대~40대 연예인이요!
243,110,(언니 빼고요~
244,110,??????)
245,111,이쁜이들이랑 소통하는 유튜버 한예슬도 좋지만 배우 한예슬로서 차기작 준비중이신지 궁금합니다
246,111,?
247,112,??언니가 자주쓰시는 향수들이 궁금합니다
248,112,??
249,113,대놓고 저를 힘들게 하는 사람과 1년을 봐야한다면 어떻게 하실건가요?
250,114,어떻게하면 하루를 알!차!게! 보낼 수 있을까용?혹시라도 시간을 물처럼 흘려보낸듯한 기분이들 때 좌절하지 않을 수 있을까요....
251,114,??????
252,115,"이쁘니 언니♡
도전해보고싶은 시도해보고싶은 배역이 있나요?"
253,116,언니는 무엇을 하셨을 때 행복하고 기쁜가요 ?
254,116,취미나 특기 공유해줘요
255,116,??
256,117,취업준비하면서 자존감이떨어지는데 ㅜ자존감높이는방법이잇나요
257,117,누나도 자본하나두 없이 힐링하는방법이 잇나요?
258,117,누나 다이어트로1일1식괜찮은가요?
259,118,질문은 아니지만 언니 마음씨가 정말 예쁜 것 같다..ㅠㅠㅠㅠ
260,118,큐엔에이 좋아하니까 또 해주는거 너무 감동???? 언니 사랑해
261,119,비타민같이 톡톡 튀는 상큼 발랄 매력 예슬언니 짱짱?? 항상 긍정 에너지 듬뿍 받고 있습니다!
262,119,감사하고 사랑해요~
263,119,항상 좋은 영상 응원합니다
264,119,???
265,120,언니 영어 발음 너무 좋아서 영어 동화나 책 읽어주는 콘텐츠 할 생각있나요??????
266,121,예전에 예슬언니 나온 뱀파이어드라마가 생각나요.
267,121,뱀파이어 같으신데 사람인척 숨기고 사시는 기분은 어때요?
268,122,??????연예인이된계기는요?
269,122,"연예인,배우가 되고싶다고 마음먹은 계기는요?"
270,122,지금까지 잘 버텨오신 노하우??!
271,123,언니는 다음 생에도 언니로 태어나고 싶나요??
272,124,처음으로 자격지심이 생겼는데 극복이 잘 안돼요ㅠㅠ 너무 힘들고 옛날엔 자신감도 넘쳤는데 요즘 자격지심으로 변한 성격때문에 제 자신도 낯선데 어떻게 극복하면 좋을까요ㅠ
273,125,현재에 만족하면서 살아가는 방법에 대해 궁금합니다.
274,125,미래도 불안하고 가진것도 많이 없지만 지금행복하기 위해서 현재를 살아야한다고 생각하는데 쉽지 않네요 ㅎㅎ
275,125,영상 정말 잘보고 있습니다.
276,125,긍정적인 에너지를 주셔서 감사하고 앞으로도 멋진 모습 기대할께요!
277,126,예슬언니 방부제 미모의 비결은 무엇인가요?
278,126,"항상 자신감있게, 인생을 즐기며 사는 모습이 너무 보기좋아요 !"
279,126,그 힘의 원천은 어디서 나오는건가요?!
280,127,예슬언니~예전영상에서 기독교인이라고 말씀하셨는데요
281,127,신앙생활을 어떻게 하고계신지 궁금해요
282,127,":-)
또,특별한 신앙 간증도 있으심 나눠주세요"
283,127,♡오늘도 예슬언니를 사랑하고 언니의 영혼을 위해 기도하는 그리스도인들이 있다는것도 기억해주세요
284,127,♡
285,128,언니는 언제 언니가 가장 예뻐 보여요??
286,129,"펜디, 디디에두보, 생로랑 등등 제가 좋아하는 브랜드의 모델이신데 , 현재 모델인 브랜드 중에서개인적으로 마음에 드는 브랜드가 뭔지 궁금해요ㅎㅎ"
287,130,살면서 가장 중요하게 생각하는 몇가지가 있나요?
288,130,"어떤 시각으로 인생을 바라보고 사시는지, 일할땐 어떤 생각을 겸하시는지 궁금해요"
289,130,늘 미래지향적인 예슬님이 어떤 대답을 해주실지 기대가되요 그리고 제가 많이 사랑해요
290,130,??
291,131,지금의 자리까지 올라온 배우님 ! 지금 당신은 정말 행복하신가요 ?~
292,132,언닝 정~~~~말!! 친했던 절친이랑 연락 끊긴지 2~3년이 되어가요
293,132,초딩때부터 사회인 되기까지 서로가 세상에서 젤 소중하다고 여긴 찐-인연인데 사회생활 하면서 어느순간부터 서로 대화가 어긋나고 맞지않는 부분이 있고 말하지않는 비밀이 생기고 어색해지고 .. 갑자스레 그런관계가 한순간에 되버리니 한차례 자연스럽게 멀어졌다가 다시 연락이 닿아 이어오다가 다시 끊어진게 2년이 넘었거든요..?
294,132,연락처도 지우지 못하고 그렇다고 해보지도 못하는 이 애매한 상황을 어떡하면 좋을까여..ㅠㅠ 요 며칠간은 꿈에도 나오고 힘들어요
295,132,다시 연락해볼까 싶다가도 용기가 없고 다시 만난다해도 제자리걸음일것 같아 선뜻 이러지도 저러지도 못하겠어요
296,132,언닝 도와주세여~??
297,133,언니~ 언제 가장 자신이 화려한 조명에 비춰진다고 생각하시나용?? :)
298,134,내가 좋아하는 옷의 스타일 VS 내게 어울리는 옷의 스타일 이둘을 어떻게 콜라보 해야할까요 ㅠㅠ
299,135,"언니의
행복의 기준과 성공의 기준이 있으신가요?~"
300,135,궁금해요~ !
301,136,예슬언니 넘이뻐요 환상컾 그 드라마때 굉장히 좋아했던분 진짜 넘~~~~예뿌심ㅠㅜ
302,137,요즘 다이어트 때문에 너무 스트레스 받아요ㅠㅠ
303,137,언니만의 다이어트 팁과 당당하게 사는 법 너무 궁금해요!
304,138,앞으로의 계획을 어떻게 하면 좋을까요?!
305,138,인생에있어서 남자친구가 중요한거일까요?
306,138,제 삶중 나자친구의 비중은 얼마가 좋을까요?!
307,139,외적인판단없이 돈이 이 세상에 존재하지 않고 오로지 영혼으로만 이 세상을 살아간다면 무엇을 어떻게 살아갔을거 같나요.
308,140,내가 해야할 일이 분명함에도 불구하고 정말 너무 하고싶지 않아 한없이 무기력해질 때가 언니에게도 온 적 있나요?
309,140,만약 왔다면 어떻게 해결했나요?
310,141,한예슬이란 이름은 어떻게 누가 지어주셨나요?
311,141,(예슬누님이랑 넘 잘 어울려서 여쭈어봅니다.^^)
312,142,"너무 좋은 질문들 가득이네요,,"
313,142,?? 이번 영상도 재밌겠다ㅠ
314,142,??
315,143,자꾸 나도 모르게 남들과 비교하면서 작아지는 제 모습에 우울해요..
316,143,모든 면에서 뛰어나 보이는 예슬언니도 이런 경험이 있으세요??
317,143,있다면 어떻게 대처하는지 궁금해요!!ㅜ
318,144,언니 피어싱 위치 알고싶어용!!! 그리고 피어싱 디자인?(꾸미기)은 어떻게 하는지도 알려주세요~
319,145,언니처럼 너무 이뻐지고 싶은데 어떻게 하면 되는거죠?
320,145,진짜 언니 얼굴이면 정말 행복 그 자체 일 거 같아요..
321,145,??
322,146,헤어지고 이별을 극복하는 좋은방법 알려주세요
323,146,헤어진지 얼마 안됬는데 너무 힘이 듭니다 ㅜㅜ..
324,147,??배우 한예슬로서 차기작 예정에 있으신지 너무 궁금해요
325,147,??
326,148,너무예뻐ㅜㅜ착하시고..
327,148,완벽?
328,149,언니는 단연컨대 천상계 미모지만 그래도 가장 자신있는 부위와 콤플렉스인 부위는 어디인지 궁금해요!!
329,149,♡
330,150,"Dear sister♥?
When can I see your new TV series？"
331,151,하고 싶은건 많은데 현실과 타협해야할 때 어떻게 해야하나요?
332,152,이별 극복하는 법 알려주세요ㅜㅜㅜ
333,153,"언니~ 언니만의 연애팁이나 인간관계 노하우, 직장동료 사이에서 생기는 트러블 대처법 같은 게 있다면 들려주세요~"
334,154,"1) 주로 즐겨보는 영화
2) 좋아하는 영화 장르
3) 가장가장가장 화려한 드레스가 있다면?
4) 가장가장가장 안입는 옷이 있다면?
5) 가장가장가장 잘입는 옷이 있다면?
6) 네일은 항상 네일샾가서 하세요?"
335,154,7) 항상 한결같은 모습 한결같이 당당한모습 너무 좋아요
336,155,언니가 요즘 넷플릭스 쇼중에서 셀링선셋이라는 걸 본다고 했는데 (저도 완전 빠져있어요!)
337,155,제일 공감가는 캐릭터 혹은 제일 매력있다고 생각하는 캐릭터는 혹시 누구에요???
338,156,혼자서도 외롭지 않은 방법이 있을까요..?ㅠㅠ
339,156,외로운게ㅜ당연할수도 있지만..ㅎ언니는 우울하면 어떻게 해결해 나가는지 궁금해용ㅠ
340,157,예슬님처럼 긍정적인 마인드를 가지려면 어떻게 해야할까요.
341,157,항상 미소를 잃지 않으시는 모습이 부럽습니다.
342,158,언니 이거 진짜 심오한 건데... 다들 비밀로 쉬쉬 하는 거 아는데... 내가 말 꺼내도 되나 싶긴 한데... 언니 천사죠?
343,158,언니 날개 숨기는 거 내가 다 봤어.
344,158,천사가 아니고서야 어떻게 평생을 예뻐? 말도 안 돼. 언니 천사인 거 세상이 다 아니까 이젠 진지하게 대답해 줘요!!!!!
345,159,댓글 질문들이 다 너무 진부하고 진지해ㅜㅜ 무겁다구..
346,160,언니 환상의커플 보고 언니가 더 좋아졋어요ㅠㅠㅠ
347,160,그 드라마에서 나상실로 연기하면서 힘드셧던 부분도잇나요?
348,161,"1. 언니가 무언갈 포기하고 싶을때, 포기하지 않고 나아갔던 경험이 있나요?"
349,161,그때의 동력은 무엇이고 그 경험이 주는 메세지는 무엇이 있었나요?
350,161,2. 언니의 인생에서 뜻밖의 좋았던 책. 영화. 드라마 중에 아무거나 하나 알려주세요.
351,161,저도 볼래요 ㅎㅎ
352,162,예슬언니의 최애 립스틱.. 궁금해요 ㅜㅜ
353,163,배우가 된 계기 궁금해요!
354,163,그리고 언니의 롤모델 궁금합니당!
355,164,지금까지 출연한 드라마나 방송 중에서 제일 잘했거나 뿌듯하다고 느껴지거나 기억에 남는 게 있다면 무엇인지 알고싶어요!
356,164,??
357,165,조심스럽지만.. 여자와 사랑에 빠졌었거나 사랑에 빠질 뻔했던 적 있으신가요..?
358,165,없으시다면 이런 상황을 상상해본 적 있으신가요??
359,166,지금까지 중 다른 영화나 드라마에서 가장 탐나는 배역 탑3는~~~~???ㅎㅎㅎ
360,167,자존감 높이는 법이 궁금해요.
361,167,그리고 사랑해요
362,167,??
363,168,"우울이랑 좀 다른 건데, 엄청난 불안을 어떻게 컨트롤하시나요?"
364,168,그냥 일적인 것 뿐만이 아니라..
365,168,"일상의 세세한 것이 다 공포가
되고 그런 것들. 혹시 경험 있으신가요?"
366,169,1. 언니가 너무 예뻐서 많은 관심과 사랑을 받을 것 같은데 혹시 군중 속의 외로움?고독?을 느낀 적이 있나요?
367,169,2. 만약 그렇다면 어떻게 스스로를 더 아끼시나요?
368,169,"중요)
3. 언니 스스로 언제가 가장 예쁘다고 생각하시나여?????"
369,170,언니는 일 끝나고 공허할때 어떻게 대처하는지 궁금해요!!
370,170,열심히 달리고나서 지쳤을때 마음추스리는 꿀팁 알려주세용????
371,171,연예인들 패턴은 정말 바쁘고 스케줄이 꽉찬 사람으로 고정관념이 박혀있는데 정말 맞는 건가요 ?
372,171,언니는 자기 시간이란게 있나요 ?
373,171,주로 무엇을 하시면서 시간을 보내는 지 궁금합니다.
374,172,인생에 우연이 있다고 생각하시나요?
375,172,20대 중반에 접어들면서 20대 초반과 느낀 바가 같나요??
376,172,늦게 보고 늦게 질문해서  죄송해요
377,172,??????
378,173,옷 잘 입는 방법 알려주세여ㅠㅠㅠㅠㅠ
379,174,"스무살 초반, 스무살 중반, 스무살 후반을 보내면서 느꼈던 점이나 마음가짐이요 ! ??"
380,175,죽고싶다는 생각을 해보신적 있으신가요?
381,175,"그렇담 어떤 이유셨고 , 어떻게 극복하셨나요?"
382,176,엄마가 좋아요?
383,176,아빠가 좋아요?
384,176,??
385,177,언니의 이름 뜻이 궁금해요!!!!!
386,177,아니면 언니의 태몽!!!
387,178,"만약 언니의 인생이 영화라면, 영화의 엔딩 크레딧에는 어떤 음악이 들어가면 좋을 것 같아요??"
388,179,언니!
389,179,요즘 제일 관심사는 무엇인가요
390,179,????
391,180,가장 근본적 질문!! 사람은 왜 존재한다고 생각하시나요?
392,180,신은 과연 있는가 있다면 왜 인간을 창조했을까 이런 생각 해본적 있으신가요?
393,181,언닝 취업 중인데 인생이 내 마음대로 되지 않을 때 어떻게 해야될까요..?
394,182,무슨 일이 있어도 이것만은 지키고 싶다!하는 깨지지 않는 신념
395,183,밸런스 게임 해주세요!!
396,183,언니의 답이 궁금해요 !!
397,183,??ㅋㅋㅋㅋㅋㅋㅋㅋ
398,184,인생에서 현재와 미래중에 뭘 우선시하시나요?
399,184,현재를 택하자니 미래가 덜할것같고 미래를 택하자니 현재가신경쓰이고..
400,185,하나 더 질문드려도 될지 모르겠어요!
401,185,"그만큼 언니한테 관심이 많다는 뜻??헤헤
완벽한 언니도 컴플렉스가 있었다면 그 부분을 일부로라도 습관들여 고친것들이 있으시나용?"
402,186,가족에 대한 얘기를 잘안하던데 상처나 아픔이 있나요?
403,187,언니 만약에 결혼하게 된다면 어떤 컨셉의 웨딩촬영을 하고싶으세요 ?
404,187,상상찬스 !!!
405,188,예슬언니는 외로워도 슬퍼도 밥 잘먹고 건강하게 오래오래 방송해주면 큰 힘이될것 같아요.
406,188,쉬면서 유튜브 보는데 진솔하고 유쾌해서 좋아요
407,188,??
408,189,"진짜 진짜 너무 배고프실때 어떻게 하시는지 ,,,  아니면 정신 내려놓고 막 폭풍흡입한 후 후회한적 없으신지 그리고 어떻게 하시는지"
409,190,언니의 피부 관리법 알려주세요!!!
410,190,어쩜 그렇게 피부가 점점 좋아지시는지 모르겠소요ㅠㅠ????????
411,191,부지런하게 살고싶습니다ㅜㅜ
412,191,머리는 아는데 몸이 잘 안따라주네욜..
413,192,넷플릭스 즐겨보시나요?
414,192,만약 즐겨보신다면 재밌는 영화/드라마 추천해주세요
415,192,????
416,193,언니...
417,193,정말 그렇게 아름다운 비결이 뭐죠!?!?
418,193,세상에서 젤 예뻐...
419,194,"언니의 버킷리스트, 외로울때는 뭘 하시는지 궁금해요"
420,194,??
421,195,남자친구 안만들어요?
422,196,누님 채널 시청자 성비가 어떻게 됩니까?
423,196,남자는 저 밖에 없는건가요ㅠㅠ
424,197,"유튜브를 시작하고 언니의 인생에서 변화되었다고 생각하는 부분과, 언니가 생각하는 유튜브의 장단점들이 궁금해요!"
425,198,언니 첫사랑? 이별?을 주제로 한 이야기가 궁금해용 ???♀?
426,199,"매번 사진이 잘나오게하는, 사진찍는 찰나의 나만의 삘링은 뭔가요??"
427,200,근데 코로나 때문에 사회가 끝난 줄 알았는데 더욱 더 달리면서 가고 싶습니다.
428,200,신천지 빨리 폐쇄되면 좋겠어요.
429,201,사람마다 다르겠지만 내옆에 누군가가 생겼을때 그사람에게만 헌신하지않고 내자신의 생활도 지키고 건강한? 그런 사랑을 하고싶은데 이럴때 언니는 어떻게 극복하실지 궁금해요!!
430,202,재미나고 위트 있는 답변 기대해도 되나요?
431,202,(심오해도 괜찮아요)
432,202,??
433,203,내가 책임져야하는게 너무 많아져서 지칠때면 언니는 어떻게하나요?
434,203,아니면 지치지 않는 방법이 있나요?
435,203,??
436,204,언니는 무엇을 결정해야하는 순간이 온다면 결정에 있어서 제일 크게 작용하는 요인은 무엇인가요?
437,205,옷 코디 하실때 참고하는 분이 있을까요?
438,205,항상 옷을 너무 잘 입으세요
439,205,??
440,206,언니는 사회생활 초기때 힘들었던 경험이나 그때 어떻게 대처했는지..
441,206,그때 과거의 나에게 지금의 내가 해주고 싶은 말이 궁금해용?
442,207,성공하는 한얘슬님만의 비법은 무엇인가요?
443,208,(연예인의 숨겨진 비밀) 일반인들이 알기 어려운 얘기들이요!!!
444,208,"샅샅이!!! 
(ps.연예인들 숨쉬는것도 신기해 하구 뭔가 있음(?) 
신기하고 재밌어용...ㅎㅋㅋㅋ??)"
445,209,"왜케다들우울증 어떡해견디냐는댓글..
보기만해도우리사회가정말 아프단생각이들어서 너무속상타ㅠㅠ모든이들이 다행복해지는날이왔으면!

그래서언니.."
446,209,슬럼프어떡해이겨내나요ㅎㅎ
447,209,?????
448,210,"1.내가 가치 있다고 느낀 순간?
2.일반인으로 살아보고 싶은 적이 있나요?"
449,210,있다면 언제 그런 마음이 생겼나요?
450,210,"3.뱀파이어가 될 수 있지만 현생의 모든 것을 포기해야하는 조건vs한예슬로 살기
4.기분전환 확 되는 음식?
5.사람이 너무 얄밉거나 재수 없을 때
6.이건 정말 자신있게 내세울 수 있는 한예슬의 장점
7.최악의 연애 경험(사람이름보다 상황이나 썰이 궁금해요"
451,210,"??!)
8.얼굴 맛집 채널 ㅇㅈ하십니까?"
452,210,(전 맛집만 다녀서???♥)
453,211,연예인 중 이상형과 가장 가까운 사람은 누구에요??
454,211,외모 성격 각각 얘기해주시면 감사하겠슴니다
455,212,"본인을 가장 잘 설명할 수 있을것같은 색,물건,동물 등은 ??"
456,213,언니가 잘 읽고 좋아하는 책 추천이요 ;)
457,214,"저 논스톱때부터 언니 좋아했는데 그때 언니랑 커플링 이 봉태규, 앤디, 현빈 이렇게 있었는데 그때 인터넷에서 파 나눠가지고 엄청 싸웠거든요 ㅋㅋㅋ"
458,214,막상 언니는 누구랑 극 중에서 커플이 됐으면 좋겠다고 생각했나요?
459,215,언니가 가장 좋아하는 화장품 브랜드!!
460,216,언니에게서벽이느껴져요........
461,216,"완벽!!!!!!!!!!!!!!!!!!ㅋㅋ
너무저의롤모델입니댱♥ㅋㅋ
예슬언니ㅋ저는오지도않은일을미리걱정부터하는걱정인형인데ㅠ어떻게하면언니처럼긍정적으로밝게살수있을까요?ㅋ"
462,216,걱정을날려버리는언니만에방법이있다면알려주세용~ㅋㅋㅋㅋ
463,217,"본인에게 있는 외모 컴플렉스는?
그 컴플렉스를 보완하기 위해 하는 노력은 뭐가 있는 지 궁금해요!"
464,217,저는 워낙에 외모에 자신감이 없어서 언니 말 듣고 응원받고 싶어요.
465,218,언니를 보면 한 번도 스스로가 마음에 들지 않았던 순간이 없었을 것 같아요.!
466,218,그만큼 너무 완벽한 사람인 것 같아서요.
467,218,내면도 외면도 완벽해 보여서요.!
468,218,"혹시 스스로가 마음에 들지 않을 때는
어떻게 그 부분을 풀어나가는지 궁금해요.!"
469,218,"해소하는 방법이나, 그런 나 스스로가 마음에 들지 않는 부정적인 생각이 나를 갉아 먹을 때 마다 어떻게 그걸 떨쳐내려고 하시는지 궁금해요.!"
470,218,????
471,219,"진짜 진짜 궁금한건데요...



















."
472,219,예쁘면 무슨기분이예요??
473,219,진짜 저랑 차원이 다르게 너무 이쁘셔서 진짜 진짜 궁금해요ㅠㅠ
474,219,그건그렇고 진짜 사랑해욧????
475,220,Did you are a good friend of Jun ji hyun and can I see some pics of you and Jun ji hyun please
476,221,가장 귀중하고 소중하게 생각하는 단어는 무엇인지 궁금해요!
477,221,???????? 한단어로요!
478,222,해보고 싶은 영화나 드라마 장르 있으세요?
479,222,공포나 워맨스나 그런 거요!
480,222,그리고 제일 재미있게 본 한국 드라마도 궁금해요
481,222,??????
482,223,질문 생각은 안나지만 언니 사랑해요
483,223,????
484,224,평소에 가장 즐겨입는 옷들!! 소개부탁드려요ㅎㅎ
485,225,항상 제가 못나보이고 매력 없는 사람으로 보여서 자존감이 항상 떨어져요 ㅠㅠ
486,225,이럴때는 어떻게 해야 할까요 ??
487,226,언니..
488,226,예뻐서 힘든 점 있었어요?
489,226,레벨이 다르게 예뻐서 그런 것도 없나....  ?
490,227,가벼운 질문도 괜찮나요..
491,227,언니만의 '여름엔 이걸 꼭 먹어야한다!' 하는 음식이 있나요?
492,227,저는 밀면 좋아해서 한달에 3-4번은 먹는 것 같아요!
493,227,><
494,228,"1. 언니의 롤모델이 있다면???!!!
2. 언니의 꿈은 무엇인지?!!"
495,228,(직업적인 것 보다도 이루고 싶은 가치같은 게 궁금합니다!)
496,229,언니 사랑해요
497,229,??
498,230,"20대때 한 일중 가장 잘했다고 생각하는 일 , 20대들에게 아 이거는 꼭 해봐라 라고 권해주고싶은 일이 있다면 무엇인가요??"
499,231,와 진짜 너무 예뻐요 ㅠ........
500,232,예슬언니만의 특별한 루틴이 있는지 궁금해요!
501,232,아침에 일어나서 이건 꼭 한다 또는 자기전에 이건 꼭 한다 이런거요~~!! 영상 넘 잘 보고 있어요
502,232,??
503,233,언니가 가끔 인스타에 노래 올려주는거 너무너무 좋아요
504,233,??뭔가 분위기 같은게 느껴져요ㅎㅎ
505,233,언니가 주로 듣는 음악이 궁금해요
506,233,?글구 요즘 한창 트롯트가 대세이던데 언니도 트롯트를 가끔?? 듣는지도 궁금해요
507,233,"만약에 언니 목소리로 트롯트 들으면
옥구슬에 쟁반 굴러가듯이 너무너무  간드러져서 저 죽을꺼 같아여ㅋㅋㅋ"
508,234,온니가 가장 좋아하는음식 & 자주가는카페 브랜드는 머에요!?
509,234,궁금합니댱 ㅜ.ㅜ ????
510,235,지그재그에 쓰인 사진!! 다 알지알지!
511,235,예슬 언니 어디가면 볼 수 있나..?
512,236,언니는 일반인 친구들이 있나요???
513,236,있다면 그 친구들을 만나면 친구가 힘든일이 있을 때 어떻게 위로해주는 편인가요???
514,237,"언니처럼 매력있는 사람 되는 방법~!~!~~~~
그리구 소심하고 하고싶은말도 못하는데 언니처럼 당당하고 할 말 다 하는 사람이 되는 조언..?해쥬세여"
515,238,언니 지금은 사랑하는 사람이 없어서 심심하다고 했잖아요.
516,238,사랑하는 사람을 찾기위해서 하는 노력이 있으면 알려줘요ㅠ
517,238,아니면 심심한 시간을 알차게 보내는 방법!
518,239,"언니는 패션제품 (의상 소품 등)을 기억할 수 없을만큼 많이 갖고 있을것 같은데, 그래도 새로운 제품을 구매할 때 기존 갖고있는 제품들과의 조화를 생각하며 쇼핑하나요??"
519,239,"??
아님 그냥 그때그때 필 꽂히는대로?? ??
언니의 쇼핑 노하우와 성공률이 궁금해요!"
520,240,일본에서 팬미팅같은거 하실 생각은 없나요
521,240,????? 언니처럼 예쁘게 즐겁게 나이 먹고 싶은 25살 팬입니다 ㅎㅎㅎ
522,240,항상 응원해요
523,240,화이팅????
524,241,다른 누군가로 살아보고싶다 라고 생각한적있나요?
525,241,있으면 누군지 궁금하네요
526,242,헤어라인 관리 어떻게 하시나용??? 완전 궁금해요
527,242,??
528,243,언니의 롤모델이나 우상이 되는 사람이 누군지 궁금해요!
529,244,어딜가나 호의와 호감이 함께 하시겠지만 가끔 있는 나에게 호의적이지않거나 부정적인 사람을 대하는 예슬언니만의 기술이 궁금해요
530,245,언니가 생각하시는 나 자신을 사랑하는 방법이 어떤게 있을까요~?
531,246,무인도 갈 때 가지고 갈 세 가지!!!!
532,247,나는 열심히살았는데 이룬게 없고 결과가 눈에 나오지 않을때 그래서 너무 공허하고 외로울 때 그 시간을 버티지 못하겠을때 어떻게 이겨내시는지 너무 궁금해요
533,248,일적인부분애서 실수를했을때 오는 자괴감에 잘 빠지는것같아요
534,248,예슬 누나는 이런적 없으시나요?
535,249,언니는 예전 논스톱 영상을 보면서 즐기실 수 있나요??
536,249,?????? 제가 볼땐 그때도 지금도 꿀귀인데ㅠㅠㅠ
537,250,"상처받는것에 미리 두려워하지 않는 
언니만의 방법이 있을까요?.."
538,251,뒷북일지도 모르겠지만 언니의 mbti 궁금해욤!
539,252,누님도 우울한날이 있으실텐데 우울할때는 어떻게 하시나요?
540,253,평생 한 가지 과일만 먹고 살아야 한다면 ?!?
541,254,언니 저 20대 후반인데 넘무 늙기시러용 ㅠㅠ안늙는 팁좀 주세용
542,255,언니의 취미생활이 궁금해요!!
543,256,시험 기간이라 너무 힘든데 하루하루 살아가는 원동력을 모르겠어요
544,256,매일매일 새롭게 보내거나 알차게 보내는 꿀팁 알려주세요
545,256,??
546,257,한 가지 직업을 같은 직장에서 쭉 이어나가고 있는데 너무 지치고 힘들더라구요...
547,257,그런데 막상 새로운 곳에 가면 내가 잘 할 수 있을까?
548,257,내가 빨리 적응 할 수 있을까? 라는 고민이 너무 많아서 새로운 것에 시도 조차 못하고 두려워하는 요즘이라서...
549,257,언니는 새로운걸 시도 할 때 어떤가요??
550,258,저번에 연애를 쉬고 계셔서 삶이 조금 심심하다고 하셨는데 그럴땐 뭘 하면서 극복하시나요?
551,258,저도 연애에서 큰 행복을 느끼는 편이라 혼자서는 뭘 해도 그만큼 행복하지 않은 것 같아요
552,259,언니는 어떻게 해서 이뻐졌어요??
553,259,볼 때 마다 느껴요
554,259,♡
555,260,언니는 자존감을 어떻게 지키고 슬럼프를 어떻게 극복하시는지 궁금합니다.
556,260,요즘같이 코로나로 집에만있으니 생각이 많아져서요ㅠㅠ
557,261,언니ㅠ사랑스러븐 언니와 결혼하려면 어떻게 해야하나요?
558,261,????
559,262,"1.외모의 컴플렉스는? 성형하고싶은곳
2.곧 결혼할 완벽한남자가 결혼후엔 연예인직업을 하지말아달라고 부탁한다면?(사업은가능ㅎ)
3.지금너무이뿌지만?할머니가 돼면 어떤스타일로 꾸미실거에요? ㅎ"
560,263,사랑합니다
561,263,예슬누나~~??????????
562,264,언니는 돈과 행복이 어느정도 연관이있다고 생각하시나요?
563,264,"저는 아리아나그란데 7rings중에
"""" Whoever said money
can't solve your problems
Must not have had enough
money to solve 'em"""" 이가사가 제 얘기같아서 돈을모으는데 집착하는편인데  언니는 돈을 어떻게 생각하는지 궁금해요??"
564,265,인생에서 가장 중요한 거 꼭 해야 하는 게 뭔지 궁금합니다
565,266,인간관계나 직업 등 넘지 못할 벽을 만난 것 같을 때 어떻게 넘기셨는지 궁금해요..
566,267,예슬언니 2년전이네요
567,267,비행기에서 만나서 너무 좋았어요 ㅠㅠ
568,267,항상 행복하세요!
569,267,응원할게요
570,268,언니 사랑을하게되면 엄청난 사랑꾼이 되시잖아요
571,268,요즘은 연애 안하시는것같은데 왜인지 알수있을까요?
572,268,저는 이별한지 이년이넘었는데 외로움보단 이젠 혼자가 편하고 익숙해진것같아서 괜찮은 사람을 만나도 연애를 못할것같아요ㅠ
573,268,연애안해도 괜찮겠죠..?
574,269,언니??뱀파이어를 좋아한다고 하셨는데(사실 저두요??)영화 트와일라잇처럼 뱀파이어가 된다면 언니가 갖고 싶은 초능력이 뭐에요?
575,270,행복이란~ 생활하면서 느끼는 사소한 것에서 찾을려고하는 타입이에요~
576,270,예슬누나는 평소에 어떨때 행복하다고 느끼나요??
577,271,언니만의 여름 피부관리 여름루틴 알려주세요~
578,271,??
579,272,어쩜 이렇게 이쁘세요 . .
580,272,비결 궁금합니다
581,272,??
582,273,안녕하세요
583,273,예슬언니!
584,273,언니 유튜브 영상은 항상 긍정적인 기운?이 있어서 소소한 행복을 받고있습니다 ㅠㅠ
585,273,"26살이라는 나이, 아무것도 이룬게 없다는 갑자기 든 생각에.. 인생의 허무함을 느껴 어제 참다참다 엉엉 소리내서 울고 말았어요.. .."
586,273,"평소에 제 나름 자격증도 하나하나씩 따고, 열심히 공부하며, 제 본분을 다하려고 노력아닌 노력을 했왔는데,, 
갑자기 저의 모든 것이 부정당함과 물거품이 되버린 느낌이 들어요."
587,273,나이에 비해 이뤄놓은게 없는 것 같은 이 감정이 공포스럽네요..
588,273,감정보단 이성적으로 더 노력하고 싶은데...감정을 억누르고 지금 현실에 집중하려면 어떻게 해야할까요? ㅠㅠ
589,274,어릴적 꿈은 뭐였나요?
590,274,연예인 외에도 하고 싶은게 있다면 어떤게 있을까요?
591,275,언니가 자주 보는 유튜브 채널!!♥
592,276,언니는 이쁜데 본인이 생각해도 만족하는 얼굴인지 주변 여자 연예인 보면서 부럽다고 생각한 사람이 있는지 궁금해요!
593,277,돈이 많으셔서 로망으로 해외에서 주택짓고 살면되는데 왜 계속 한국에 정착하신지 궁금해용!
594,278,2007년 김미려님이랑 사진찍을때 옆에 김태희님있어서 같이 찍자고한것 맞나요?
595,278,(농담)ㅋㅋㅋㅋㅋ(라스때 김미려님 나온 회차중 너무웃겼어서  혹시나 기억하시나해서 궁금해서 질문드려요)
596,279,언니도 무기력에 빠질 때가 있었나요?
597,279,?? 그럴 땐 어떻게 하셨나요?
598,280,유튜브나 배우일하면서 좋든싫든 댓글들 보게되잖아요
599,280,수많은댓글중 언니맘에 쏙든 위로된 댓글내용은무엇인가요?
600,281,언니 헤어진 후 시간이 지났어도 생각나는거 정상인가요?
601,281,요새 시기가 시기인지 너무 외롭고 많이 생각나서 함들어여 ㅠㅠㅠ
602,282,결혼에 대한 생각이 궁금합니다
603,283,진짜 별거 아닌데 볼때마다 궁금했어요!
604,283,저번 QnA영상에도 나오는데 선반에 있는 나란히 줄 서있는 쇼핑백 친구들이 궁금해요ㅎㅎ
605,283,그냥 단순히 인테리어용인지.
606,283,쇼핑백 안에 뭐가 들었는지.
607,283,언니 매력이 거기 하나씩 들어있나 혹시???  그거 볼때마다 궁금함+쇼핑하러 가고싶은 마음 생겨요!
608,284,결혼에대한 로망있으신가요
609,284,??
610,285,배우라는 직업을 추천하고 싶으신지 어떻게 생각하시는지 궁금해요
611,286,"많은 사람들이 부러워 하는 ""연예인이라는 삶""에 대해 궁금해요."
612,286,"직장인들은 일하는 시간이 확싫이 정해져 있는데 언니는 일년 내내 스케줄이 정해져 있는건지, 매일매일 일이 있는건지에 대한 거요!"
613,287,언니낳은 이쁜딸이 보고싶지는 않은지 노산이 걱정되진 않나요??
614,288,연예인이고 화려한외모때문에 관심을 받는게 불편할때가 있으신가요
615,288,사람들 시선때문에 눈치를 봐야하고 마음대로 행동할수없는점이나 모르는사람들한테 항상 평가받는것들이요
616,289,많이 사랑했지만 헤어진 남자친구에 대한 감정을 현재 어떻게 받아들이고 계신가요?
617,289,"저번 큐앤에이 때 전남자친구가 가장 기억에 남는 사람이라고 하셔서 공감이 되었거든요,,"
618,290,이뻐요~♡
619,291,언니 퍼스널컬러요!!!
620,291,키몸무게요!!
621,292,첫사랑 얘기 해주세요~
622,292,><
623,293,언니!!
624,293,"언니는 유럽에도 다니고 미국에 친구도있는것 같고 글로벌하게 친구들이 있는것 같은데, 이게 미국과 한국만 오가도 그게 가능한거에요??"
625,293,글로벌한 친구들이 있을만한 계기가 있을 것 같은데 그게 넘넘 궁금해요
626,293,그냥 언니가 매력이 많아서 그런가? ㅎㅎ
627,294,언니 사진 너무 이뻐요...
628,294,왜케 이쁜거에여
629,295,언니는 인데 돈도 명예도 다 가지셧는데 인제 뭐가 언니한테 행복감을 주시나요
630,296,한예슬 화이팅! 한예슬씨에게 짜장면이란?
631,297,언니 미드 즐겨보는거 있나용!!!! 그리고 이런 미드에 주연으로 작품을 찍고싶다~~
632,297,이런게 있나용??
633,298,언니는 집에서 뭐하면서 보내세요???
634,298,그리고 취미가 있다면 뭐에요????
635,298,헤헿 항상 너무 잘 보고 있어요
636,298,?? 언니가 웃은걸보면 저도 막 기분이 좋아져요!!
637,298,해피바이러스 언니 언제나 행복하고 건강하세요
638,298,????
639,299,언니 버킷리스트 궁금해요!!
640,300,"집 근처(굳이 근처 아니더라도) 자주가는 식당의 최애 메뉴!!
언니가 봐도 이 사람은 진짜 진국이다 싶었던 연예인!!
광고 제의를 수락하는 기준!! 궁금해용~~♡"
641,301,"언니의 플레이리스트가 궁금해여
그리고 언니도 부러운사람이있나요?"
642,302,언니가 제일 이쁜인데 왜 우리보고 이쁜이라고 해용? ????? 이쁜이라는 말을 듣는순간 누군가에게 사랑받는 기분이라 너무 조아요
643,302,?????
644,303,언니의 mbti도 궁금해요!
645,304,언니 꼭 꿈이 있어야할까요?
646,304,저는 하고싶은것도 잘하는 것도 없는게 고민이예요 ㅠㅠㅠ
647,305,인생에서 이 길이 나의 길이 아니라고 생각햐서 방황했던 적이 있으셨나요
648,306,살아 가시면서 가장 크게 잃은게 있을까요?
649,306,항상 얻은 것들만 있지는 않은거 같아서요
650,306,??
651,307,화를 다스리는 법이 너무 궁금해요
652,307,화가 났을 때 살아가면서 이게 정말 많이 일어나는데 이걸 잘 대처하고 사는게 성공하는 것 같아요
653,307,이 부분에 대해 알려주실 수 있으세요?
654,308,매트(Matt) 아니면 글로스(Gloss) 둘 중 하나 선택한다면?
655,309,"한예슬에게 논스톱이란?
지금 현재 절대 멈추고 싶지않은 일이 있다면?"
656,310,언니가 생각하시기에 언니의 이미지와 제일 잘 맞는 브랜드는 뭐라고 생각하세요??
657,310,궁금해요 ㅎㅎㅎ
658,311,언니의 인생에서 가장 행복했던 순간이 궁금합니다!
659,312,현재 언니가 제일 가고 싶은 여행지는?
660,313,언니는 짝사랑 해보신 적 있나요??
661,313,있으시면 아떻게 해야 그 분이 언니한테 호감을 가지게 만드셨나요??
662,313,언니 사랑해요
663,313,♥♥
664,314,저는 한예슬 언니 찐팬입니다...ㅠㅠ
665,314,"넘 예뻐여ㅠㅠ
저는 지금 인생에서 너무 힘든시기 입니다..."
666,314,자존감이 많이 떨어지고 낯을 많이 가립니다
667,314,그래서 취직을 하여도 정말 사람들과 친해지는게 너무 힘들고 그리고 그사람들이 저를 볼 때 안좋게 생각하면 어쩌지 너무 자신감도 많이 없어지고 그렇다고해서 제가 예쁜얼굴도 아니기에 자존감이 많이 떨어집니다...
668,314,그래서 취업을 해야하는데 취업에 대한 두려움...압박ㅠ이게 너무 심합니다 ㅜㅜ
669,314,자존감 듬뿍 갖기 위해서는 어떻게 마음가짐 잡나요
670,314,또 사람들의 낯을 안가릴려면 어떻게 할까요....
671,314,저는 이게 지금 현재로써 최대고민입니다ㅠㅠ
672,315,언닌 뭘 먹고 그렇게 예쁜건가요?ㅠㅠㅜ
673,315,그리고 언니의 MBTI 결과가 궁금해요!!ㅋㅋ.
674,315,또 제 자신의 부족한 부분을 저 스스로가 도저히 끌어안을 수 없는데 그걸 고치려는 노력조자 하지 않는 제 자신이 싫어요.
675,315,어떻게하면 제 자신을 조금 더 좋아할 수 있을까요?
676,316,"1)가장 싫어하는  음식
2) 공짜로 준다면 갖고싶은 자동차
3) 다시 태어나도 여자로 태어나고 싶은지 그 이유등이 궁금합니다."
677,317,질문할게없어요
678,317,그냥 예슬 언니가 좋아요!!
679,318,폭식한 다음에 식단관리 어떻게 하시는지 궁금해요~~
680,318,완벽한 이쁜 몸매를 가지신분은 어떻게 관리하시는지 배우고싶어요~!
681,319,"예슬누나가 생각하는 놓지면 안되는 친구, 지인들은? 
그리고 그 이유는 무엇인지 궁금합니다!ㅎㅎㅎ"
682,320,언니 mbti검사 결과 궁금해요~
683,320,https://www.16personalities.com/ko/무료-성격-유형-검사     <-여기서 해주세용♡
684,321,어쩜그렇게예쁘고밝아요?ㅜ
685,321,힘들때나우울함을느낄때도있으신가요?
686,321,통통튀는매력저도갖고싶어요.ㅜ
687,321,다시태어나야겠죠?ㅎ
688,322,"하고자 하는일에 열정이 식었을때.
그러면서도 다른일에 눈이 갈때.
당장 해야할것은 예전부터 꿈꿔온 꿈인데
몇년동안 그것만 바라보다보니 이젠 지쳐요
체력도 안되고.."
689,322,다른일에 눈이 가는데 이건 완전 다른분야라 하나만 보고왔던 저한텐 두렵네요
690,322,이래본적 있으신가요?
691,322,어떻게 헤쳐 가야할까요?
692,323,"만약에 십대로 다시 돌아간다면
하고싶은 일이 있나요?"
693,324,언니랑 려원언니의 케미가 그리운데 다시 볼 수 없나요?
694,324,"두 분다 너무 좋아서
그리워요"
695,325,티없이 밝을 수 있는 비결! 궁금해요
696,325,??
697,326,언니 이름 한예슬이고 또 다른 이름 있죠..?
698,326,한예술
699,327,요즘 가장 즐겨듣는 노래 3곡! 추천해주세요
700,328,"동료배우들중 젤자주연락하고 자주만나고 인생의터닝포인트가되어준,인생의즐거움을주는 동료배우는누군가요?"
701,329,데일리 운동루틴이나 다이어트 법 궁금해용 ㅠㅠ
702,330,언니가 만났던 최악의 남자 유형. 혹은 최악이라 생각하는점
703,331,1. 더 이상 인연을 이어가고 싶지 않은 친구가 있어요
704,331,그런데 그 친구가 제 생일 때 저는 갖고 싶다고 말하지도 않은 고가의 선물을 줘버렸어요
705,331,그 친구로 인해 스트레스만 받는데 어떡해야 할까요...
706,331,(그 친구는 제가 이런지 몰라요!)
707,331,언니는 친구 관계를 어떤 식으로 유지하시나요?!
708,331,2. 대학생인데 성적이나 동아리 같은 거에서 자꾸 제가 제일 잘해야 할 것만 같은 생각이 들어요
709,331,성적은 그렇다 쳐도 동아리 같은 경우엔 즐겨야 하는데 제가 원하는만큼의 성과가 안 나오면 자꾸 자책하고 화나고 스트레스 받아요
710,331,그런데 멈출 수가 없어요 ㅠㅠㅠ
711,331,언니는 어떻게 즐겁고 재미있게 경쟁(?)하나요
712,331,어떻게 하면 제일 잘해야 한다는 생각을 버리고 진정으로 즐길 수 있나요 ㅠㅠㅠ
713,331,언니 영상을 보면 정말 자존감이 쑥쑥 올라가요!
714,331,감사합니당 너무 예뻐요 사랑해요 ㅠㅠㅠ
715,331,??????????
716,332,예슬씨~~^^ 예슬씨의 밝고 맑...아니 이건 안어울리나.ㅋㅋ
717,332,밝고 매력적인 에너지에 항상 마음이 흐뭇해져요~~
718,332,유튜브채널이 다채로워서 좋아요.
719,332,댓글들을 보니 외로운 사람들이 많은 거 같아요.
720,332,"혼자가 아니라는 걸 알게 해주는 ""함께"", ""동행""의 채널이 되길 기도해봅니다."
721,332,예슬씨만의 스피릿이 느껴져서 좋아요.
722,332,그 원천이 우리는 알고 있겠죠!?
723,332,언제나 화이팅요~ ?? ??
724,333,연애에있어서 자존감이 낮아서 연애를 시작할 엄두가 안나요..ㅠㅠ
725,333,이럴땐 어떻게 해야할까요ㅠㅠ
726,334,20대 초반의 여동생들에게 해주고 싶은 조언이나 말 !! ????
727,335,언니 그렇게 예쁘면 거울볼때 기분이 어때요....?
728,336,이별후 극복이 안되는거 같아요
729,336,어떻게 하는게 제일 효과적일까요?
730,336,1년이 다되가네요 ..
731,336,모든걸 다 갖춘 남자를 만난 이후 다른 연이 닿아도 계속 비교 계산을 하다
732,336,제가 또 밀쳐내게 됩니다
733,337,후회나 미련을 없애버리는 예슬님만에 방법이 있나요~?!
734,338,몸매 관리는 어떻게 하시는지요?
735,338,결혼에 대한 생각은 어떠신지 궁금하네요
736,338,??
737,339,언니 퍼스널컬러 뭔지 궁금해요!!
738,340,연예인이라는 직업에대해 어떻게 생각하시는지 궁금해요!
739,340,물어본 질문일수도 있는데 다시 태어나도 연예인 하실껀가요?
740,341,누나 너무 예뻐요!
741,342,"우리엄마가 다른 연예인들 예쁘다고하는거 한번도 들은적없는데 언니 지그재그 광고하는거보고 늙지도않는다고 너무예쁘다고 했어요,,,,,,"
742,342,첨들었어요 ㅋㅋㅋㅋㅋ
743,342,누구 예쁘다고하는거 ??
744,343,연애도 일도 다잘하고싶은데..지금은 일이 더중요한것같아요
745,343,돈버는게 ㅜㅜ현실적으로 ㅎㅎ근데 이러다가 연애를 못할까봐 걱정이에요
746,343,"만날때도 없고ㅠㅠ연애,일 다 잘 할려면 ㅜㅜㅜ어떻게 해야될까요.."
747,344,"예슬언니 최애 쿠션이랑 아이라이너, 립 알고싶어요"
748,344,??????
749,345,대학교에 다니고 있는 20살 새내기입니다!
750,345,혹시 대학생 때 꼭 해봤으면 좋을 것 같은 활동 추천해주실 수 있나요 ㅎㅅㅎ?
751,345,꼭 대학생이 아니더라도 20살부터 23살 정도의 20대 초반의 시기에 꼭 하면 좋을 것들 추천해주시면 너무너무 감사할 것 같아요
752,345,♥
753,346,언니가 생각하는 가장잘어울리고 가장 이쁜 헤어스타일은뭐에욤~??
754,347,좋았던 데이트 코스 추천해주세요!!
755,347,서울이든 우리나라 어디든~~~~~~~~~
756,348,언니의 결혼관이 궁금해요.
757,348,혹시 비혼주의자이신지..
758,348,왠지 아기들은 엄청 예뻐하실 것같은데.. 언니의 가족들은 어떤 의견들이신지도요 :)
759,349,좋아하는 노래있어요??
760,349,플레이리스트 추천곡 알려주세요
761,350,언니를 보면 항상 자기 자신을 많이 아껴주고 사랑해주는 것 같아요.
762,350,저는 제 자신을 사랑해주려 해도 항상 자괴감이 들고 스스로 한심하다는 생각밖에 들지 않는데 나를 조금이라도 아껴주려면 어떻게 해야 할까요??
763,351,나이가 들면 들수록 '사랑'이라는 게 무엇인지 잘 모르겠어요.
764,351,사람마다 '사랑'의 정의가 다른데 언니는 무엇이 사랑이라고 느끼고 또 어떨때 사랑받는다고 느껴요?
765,352,What are your goals and or  dreams in this life? Have you achieved them?
766,353,저는 지금 해외에서 취직할까 말까 생각 중인데요.
767,353,언니는 해외에서 살 수 있는 기회가 있다면 기시나요??
768,354,인생에서 힘들었을때랑 힘들때 극복법이요!!
769,355,예슬이언니가 콧소리없이 얘기하면 어떤느낌인가요??
770,356,우리가 인생을 사는데 있어서 권력과 권위와 사랑과 믿음이 떨어지면 무엇으로 살아야 할까요?
771,356,자연미인~ 예슬님~
772,357,언니는 거울보면 무슨생각 드시나요..?
773,357,?? 언니 얼굴로 살면 무슨 기분일지 궁금해용ㅋㅋㅋㅋ
774,358,예슬이 언니 안녕하세요~~
775,358,"사회에 나가게 되면, 혹은 집단활동 하는 곳에 가게 되면 불가피하게 타인에게 평가를 당하는데, 타인의 평가가 칭찬이든 비난이든 휘둘리지 않는 법이 뭐가 있을까요~~?"
776,359,자신이 생각하는 자신이 가장 맘에드는점과 고치고싶은점!
777,360,내 생애 가장 로우일때 나를 일깨워준 사건이나 친구
778,361,OMG!!! I don't understand but so pretty unnie ????????????
779,362,언니!
780,362,"논스톱때부터 팬입니다^,^!"
781,362,언니로 인해 카라멜마끼아또를 마셔보게되고 신세계에 빠졌던게 엊그제 같네요
782,362,":) 지금은 공황이 와서 카페인은 완전 끊고 지내지만요, 여하튼 이런 QnA코너 만들어 주셔서 감사하구 늘 어여쁜 모습과 힘이 되어주는 말들로 위안 받으며 회사 생활 열심히 하고 있어요!"
783,362,저는 지금 제가 하는 디자인 일이 적성에 맞지 않는 것 같은데 나이도 있고 지금 무언가를 새로이 시작하기엔 힘들고 자본도 없고 건강도 안 좋다보니 꾹꾹 참으며 일하고 있어요!
784,362,이럴때 힘이 될만한 무언가가 있을까요?
785,362,언니 늘 뒤에서 응원하고 있어요!
786,362,쪽 늘 감사해요
787,362,<3
788,363,자존감을 높이려고 하다
789,363,보니 자존심이랑 자기애가 올라가요...
790,363,"요즘 가장 부러운 사람이 언니같이 자존심은 없어보이고 자존감은 높아보이는 사람인데, 저는 이도저도 못한 사람같아서 한심해요."
791,363,어떻게 해야할까요?
792,364,Q앤A 그런거 모르겠고 역시 누님 대박... 홀려서 들어왔네..
793,365,언니만의 남들이랑 비교하는 습관을 버리는 법이 있을까요??
794,365,세상에서 내가 제일 못나고 불쌍한것같고 남들은 다 행복해보여서 슬프고 우울하네요ㅠㅠㅠ
795,366,언니는 결혼 해야한다고 생각한다?
796,366,안해도된다고 생각한다?!
797,366,어떤쪽이에요
798,366,??
799,367,노래 부르는 영상 올리실 생각 있나욧??!!??! ??????????????????
800,368,언니의 작품 고르는 기준이 궁금해요!
801,368,스토리인지 캐릭터인지?!
802,368,뱀파이어 역할이라면 스토리가 별로여도 Okay...?!
803,369,사람들이 보는 본인의 이미지가 본인이 생각하기에 어떤 것 으로 생각할지 궁금해요
804,370,강남에서버스탈때마다 지그재그광고모델이 언니라는걸항상 보는데 이런유명한셀럽님이 유투브하면서 이쁜이들이랑 소통하고 일상공개하는거 넘감동이예요ㅠㅠ
805,370,나도이쁜이라는거넘행복합니당 ㅠㅜ??????언니영상마니마니올랴주세영??????????
806,371,꿈과 미래에 대한 고민이 너무 많아요
807,371,어떻게 해야지 어른이 되었을때 잘 해낼 수 있나요 ??
808,371,언니만의 마인드 궁금해요
809,372,언니 우울하고 삶에 재미가 없고 무기력할때 어떻게 극복하시나요??
810,372,넘 궁금해요!
811,372,언니가 행복을 주시는데 스스로는 어떻게 마인드 컨트롤 하시는지 넘넘!!!듣구 싶어요!!
812,372,요즘 넘 우울하네요
813,373,언니의 인생친구 베스트프렌드 소개요!
814,374,언니처럼 이뻐지는 방법이 궁금해! ??
815,375,언니 논스톱에서 처음보고 너무 예쁘고 목소리까지 너무너무 예뻐서 초등학생이던 그나이에 언니 보려고 논스톱 꼭 챙겨보고 언니노래 매일듣고 ㅋㅋ 구미호외전까지 ㅜㅜ 그시절에 언니 이야기 듣고싶어요.
816,375,타임머신타고 ㅋㅋㅋ슝슝
817,376,"아주 먼 미래의 일이지만, 언니가 노년기에 접어든다면 입고싶은 스타일이 궁금해요!"
818,377,우리나라 에서 제일좋았던 여행지!
819,378,영감이 된 책 추천 해주세요!
820,379,어디서..
821,379,무슨 소리 안들려요..?
822,379,내 심장이 뛰는 소리.
823,380,1. 예슬언니는 엄청엄청 예쁘지만 30년 넘게 같은 생김새를 매일 거울에서 봐서 질린다고 생각한적 있나요??!
824,380,제가 요즘 좀 그래서 혹시 있다면 어떻게 얼굴 권태기를 타파하셨는지 궁금해요!
825,380,2. 언니는 많은 친구가 있는데도 아직도 친구 또 사귀고 그러는게 매번 새롭고 좋나요?!
826,380,궁금해요
827,381,집착이 너무 심해요 ..
828,381,다른 건 아니고 사람한테? 그래서 넘 힘들어요
829,382,가장 기억에 남는 상대 배역이 누구에여 누나??
830,383,일반인 친구가 많으세요
831,383,아니면 연예인친구가 많으세요.
832,383,"혹시 고민을 들어주는 친구, 고민을 얘기할수 잇는 친구가 계시나요"
833,384,"언니 귀걸이도 궁금한데 피어싱,,,,너무 알고싶어요,,"
834,385,만약 내가 걸그룹이었다면 나의 포지션은??
835,386,"찐 연옌??????????????

이쁨을 다 가지다??????"
836,387,"미모(피부, 몸매 등) 관리하는데 드시는 비용..? 갠적으로 궁금해여 당욘히 9할은 타고나신거겟지만..ㅎ"
837,388,언니  왤케이뻐용 ?ㅎㅎ
838,389,제일 인상 깊었던 여행지 하나 ??? 20대에 꼭 가야할 여행지 하나 ??? 추천해주세요
839,389,여행 컨셉도 같이 추천해주세요 !
840,389,여행룩도요 ! ??
841,390,Mbti검사 해주세용!!
842,391,누나 안녕하세요
843,391,저는 몸이불편한 21살 청년 입니다
844,391,누나에게 궁금한게 있어요
845,391,가장 기억에남는 작품은 무엇인가요?
846,391,누나는 화가나면 스트레스를 어떡해 푸시나요?
847,392,손예진 배우님과 기싸움 영상 그거 진짜에요 ?
848,393,앞으로나 다음 작품에서 해보고 싶은 장르나 역할있나요??
849,394,언니 첫사랑 얘기해주세요 ~~~~~~~~
850,394,*
851,395,다 가진 것 같은 언닌데 언니도 부러운 사람이 있나요?
852,396,언니의 mbti가 궁금해요!
853,397,누나도 남자 많이 밝히나요? ㅎㅎ
854,397,제일 궁금하네요ㅋ
855,398,예슬언니는 넷플릭스 보나요??
856,398,본다면 언니가 추천하는 넷플릭스 TOP5 영상 보고싶어요
857,398,?????
858,399,예슬 언니는 전생에 한성격하는 고양이가 분명함. 그래서 뮤지컬 캣츠를 보면 그렇게 와닿음.
859,400,열심히 사는게 좋은 걸까요?
860,400,"항상 아등바등 힘들게 산다는 얘기를 들어와서 정말 친구들 말처럼 인생을 즐기며 살아야 될지, 미래를 위해 지금 좀 더 힘든 삶을 살아야 할지 계속 고민이 되는것 같아요ㅠ"
861,401,언니 전생에 뭐하셨나요?
862,401,기억나면 꼭 좀 알려주세요
863,401,이번생 열심히 살아서 다음생에 언니처럼 태어나보게요ㅠㅠ
864,402,"아니
왜이렇게 예쁘세요"
865,402,"거울보는것 솔직히
실증 날때 되셨죠?"
866,403,예슬님이 생각하는 인생에서 제일 부질없다고 느낀 것이 뭔가요??
867,404,What is like to be a celebrity in Korea? What do you like the most? What do you hope to change for better?
868,405,언니처럼 살고싶어영~
869,406,드라마 계획은 없어요??
870,406,매력 쩌는 역할로 언넝 캄백~~~ 해줘요
871,407,내가 지금 잘하고 있는건지 의문이 들때는 어떻게 하시나요?
872,408,언니가 만나봤던 사람중에 제일 잘생긴사람과 이쁜사람이요!!!!!!
873,408,언니기준이 궁금해용
874,409,Q: 언니는 연예인 안했으면 뭐했을것 같아요??
875,410,8년연애가 끝났어요..
876,410,위로가 필요해요..
877,411,인생에서 가장 중요하게 생각하는것...??!!!
878,412,영화나 드라마에서 탐났던 배역이 있나요??
879,413,언니는 신경안정제 먹으신적 있나요?
880,413,처음엔 불안해서 먹기 시작했는데 끊기가 힘들어질까봐 걱정돼요ㅜ
881,414,예슬 언뉘~~!! 여름 룩북 찍을 생각 없나요???
882,415,"어디가야 언니 볼 수 있어요?,,"
883,415,"요정이라 바깥활동이.어럅겟져,, 알아요,,"
884,416,예슬쌤! 쌤도 짝사랑 해보신적 있나요?
885,416,아니면 첫사랑에 대한 추억이 있나욥? 두근두근
886,417,결혼(사랑)vs일 :둘다 가질수없다면...뭘 선택할건가용??
887,418,만약에 연예인이 되지 않았더라면 희망하는 직업이 있으신가요?!
888,419,언니 밸런스게임 한번 해주세요
889,419,????????
890,420,지금의 언니가 20대의 언니에게 해주고 싶은 말은?
891,421,소녀시대 제시카씨랑은 어떻게 친해지게 되셨나요?
892,422,예슬언니 다이어트 노하우 알고싶어요
893,422,??
894,423,I wish I can read korean hahahaha
895,424,인생의 지향점이나 가장 소중한 가치가 뭔지 궁금해요!
896,424,"진로를 정할때 중요한 지표가 될수있을거같아서 친구들에게 물어보고있는데 자기계발, 좋아하는 일을 하는것, 돈, 안정성 등 사람마다 엄청 다르더라구요."
897,424,예슬 언니의 삶의 제일 중요한 가치는 무얼지 궁금해요
898,425,모르겠고 누나 사랑해♡
899,426,언니처럼 이뻐지려면 이쁜얼굴을 가지려면 어떻게 해야되나요?^^
900,426,집에 있을땐 무얼 하시나요?
901,426,혼자만의 시간은 어떻게 보내시며 알차고 의미있게 보내는 방법은 무엇이 있을까요?
902,426,언니만의 인생의 슬럼프를 극복하는 방법은 무엇인지 궁금합니다~~
903,427,예전 상실이 얼굴 이내요 넘이뽀요?????♂?
904,428,연예인을 하면서 후회가 됐던 순간이 있나요?
905,429,나를 깎아내리고 어떻게든 뭉개려고 실수도 아닌데 조그만 거라도 찾아서 실수라며 크게 부풀리는 사람은 어떻게 대처하나요?
906,430,"한예슬을 친구로  또는 지인으로 둔
사람들은 얼마나 행복하고  행운일 것이며
너무 너무 부럽더라구요~~!"
907,430,저도  한예슬같은 친구가 있음 좋겠어요!
908,430,"진짜  세상에  태양처럼 빛이 되는 존재가
되어 주세요~~^^"
909,430,"항상 건강하고 행복하고
광고복  터져서  돈도 많이 벌고  세상 좋은것
다  누리며  여왕처럼 살기 바래요~~^^♡♡"
910,431,여...ㅣ 예쁘다
911,432,제일 친한 연예인 누구신지 궁금해요!
912,432,학창시절때 공부 잘하셨는지도여
913,433,죽고싶은생각이 들때 비상탈출구는 어떻게 찾죠
914,434,사랑스럽게 사랑하는 방법이요!
915,435,언니 타투 관리 어떻게 하시는 지 궁금해요
916,435,????
917,436,여행을 많이 다녀보셨을거 같아서 코로나가 끝나고 여행가볼 해외여행지 탑3 궁금합니다~
918,437,언니의 20대의 슬럼프 경험과 그 경험을 바탕으로 취업으로 고민하고 있을 20대에게 하고싶은 말!
919,438,언니도 거울보며 어딜손봐야지 그런생각이 드나요?
920,439,"언니 최애 외모가 궁금해요,"
921,439,여덕해 보신 적 있는지도여
922,440,연애특강 피처링했을 때 어떤 생각을 하며 불렀나용?
923,441,굿밤보내세요
924,441,♡
925,442,살을 너무너무 빼고 싶은데 못빼겠어요 ㅠㅠ
926,442,의지도 약하고 진짜 작심2일인듯.. 주변에서 자꾸 뚱뚱하다고 하니 자존감도 계속 무너지고..
927,442,언니 응원한마디면 다시 새로운 기분으로 으쌰으쌰 할수 있을것 같아요!!!!!
928,443,같이 연기해보고 싶은 여/남배우 각각 한명씩 궁금해요!!
929,444,만화 표지같아요
930,444,당신 진심 만화 속 주인공..☆
931,445,예슬언니 시력이 궁금해요!!
932,446,언니..
933,446,얼굴이 그렇게 작으면 어떤느낌인가요?
934,447,다음 작품은 언제?
935,448,예슬언니의 이상형 !!??????
936,449,언니~언니의 깊은생각들을 함께 나누는 시간들이 늘어나서 정말좋아요
937,449,"??  언니도 저도 모두의 이야기들, 우리들의 질문들을 통해 깊은 마음나눔하며 삶이 풍성해지길 원해요^^"
938,449,저는요즘 최소한의 관계선에대해생각해요.
939,449,어느정도까지 봐줘야하는지 혹은 돌아서야하는지.
940,449,참어려운것같아요.
941,449,언니는 어떠신가요?
942,449,관계를 끊거나 아니면 맘에들지않더라도 관계를 유지시키는 기준이 무엇인가요?
943,449,언니의 풍부하고 독특한 삶의 방식이 궁금합니다
944,449,??
945,450,언니...
946,450,너무 일하기 싫어요....
947,450,일해야 먹고산다고 따끔하게 한마디 부탁해요
948,450,????????????
949,451,언니어렸을때 이사람 완전 예쁘다 닮고싶다
950,451,한사람 있었어요??
951,452,언니가 요즘 지내면서 가장 행복한 시간이 언제 인가요 ??
952,453,언니가 드시는 음식 최고의 조합은 무엇인가요 ?
953,454,꼭 결혼 이란걸 해야 할까요 ..
954,454,아직도 모르겠어요 .
955,455,"1. 언니의 애착유형은 뭔가용?
2. 저는 나다운게 뭔지도 모르겠고 자연스럽게 사람들을 대하는게 어려운데 언니도 그런 느낌이 들 때가 있었나요??"
956,455,3. 언니는 꿈 영어랑 한국어 중에 어떤 언어로 꾸나요??
957,455,( 두가지 언어를 다 자연스레 쓰시는 거 같아서 긍금해요!)
958,456,요즘 즐기는 취미생활 알려주세요!
959,457,정말 좋아 기분이 솜사탕같아진다 정말 ^^  이쁜이들  팬미팅은 안하나요?^^
960,458,포커페이스 하는 방법 좀 알려주세요!
961,458,저는 직장인인데 얼굴에서 항상 티나요ㅠ
962,459,자기 자신을 가꾸는 거나 자기 자신을 돋보이게 하고 있는 ? 자존감 유지하는 방법이요!
963,460,20대 친구들에게 이런건 꼭 해봐라 하는게 있나요?
964,461,언니는 사람한테 상처받은 뒤로 사람을 깊게 사귀지 못하겠던적 있으신가요?
965,461,"(그냥 친구,남자친구 등.. 모든관계의 사람포함이요!)"
966,461,이럴땐 어떻게 하셨나요?
967,462,언니의 연애사 궁굼해!!??????
968,463,내가 20대로 돌아가면 이건 꼭 하고싶다.
969,463,나잇대마다 이건 하면 좋은 경험이겠다 하는 것들 알려주세요
970,463,????
971,464,언제까지 유투버를 하실 예정인가요??
972,464,"(ex-××살까지, 연예인 은퇴할 때까지 등등)"
973,465,저시진은.. 버스안에서 본 짘젝광고랄 같은표정이랑 손짓... 갑자기 생각난 질문이요!
974,465,언니는 하루세끼 한식을 먹는다면 어떤메뉴를 드실거에여?!
975,466,언니가 연예게생활하며 아직도 기억이 생생하거나 하는 비하인드 얘기들 듣고 싶어요!
976,467,폰번호좀 알려주세요
977,468,안녕하세요..
978,468,언니 저는 연예인이 되고 싶은 초6입니다..
979,468,부모님이..넌 공부잘하니깐 이거해라고 해서..
980,468,연예인이 되고싶은꿈을 아직 말 못했는데..언니는 부모님께 애기할때 어떤 마음이었는데 너무 궁금해요..
981,468,저도..
982,468,언니같은 강심장이 되야겠죠ㅠㅠ??
983,469,언니 머릿결 관리 어떻게 하세요..
984,469,저도 염색을 좋아하고 파마를 좋아하는데 제 머리카락으로 방청소 가능할만큼 상했거든요..
985,469,연예인들 머리결 관리가 너무 궁금해요
986,470,저는 27살 여자 입니다.
987,470,"정말 바보같은 질문일수도 있지만...
나의 청춘이 얼마 남지 않았다는 생각에,
웬지 의미없이 보낸 수많은 지난 날들이 
자꾸만 후회스럽게 느껴진다면
어떤 마음가짐을 가져야할까요?"
988,470,예슬언니의 생각이 궁굼해요.
989,471,버킷리스트랑 유투브 수익금은 어떻게 사용하시는지.
990,471,다른 연옌들 처럼 기부 하실 생각은 없는지!!!!!
991,471,알고시퍼요
992,472,개명한다면 한예슬 말고 어떤 새로운 이름을 얻고 싶으신지요?
993,473,이상형은?!!!!!뭡니까~~
994,474,언니는 주변에서 자존감 떨어지는 말을 듣거나 가치를 깎아내리는 말을 들을 때 어떻게 대처해요?
995,474,열심히 살다가도 이런 말 들으면 무기력해지는데 예슬언니의 현명한 대처법이 궁금해요!
996,475,감상하는편이야~
997,476,하고싶네 진심
998,477,예슬언니!!
999,477,쉬는동안은 뭐하면서 지냈어요??
1000,478,아래로 몇살까지 가능한지 궁금합니다 고딩도 받아주시나요
1001,479,가장 마음에 드는 타투는?
1002,480,언니도 자신이 이쁘다고 생각하시죠?!!!!
1003,481,목소리가 어쩜 그렇게 매력있나요?
1004,482,진짜살면서 제일 기분나빴던적?? 궁금해요 ㅎ
1005,482,항상 웃는모습만 봐서 ㅎㅎㅎ
1006,483,피부랑 몸매관리!!!!!!
1007,484,개여신..... ㅠ??????
1008,485,언니 만약 배우가 아니었다면? 어떤 직업 또는 일을 하고 계셨을것 같아요?
1009,486,10년후 예슬언니는 어떤 꿈을 꾸고 계시는지 궁금해요
1010,487,한예슬 예쁘네요
1011,488,언니는 자존감이 떨어질 때 어떻게 하셨고 자기 자신을 사랑하기위해 무엇을하셨나요??
1012,488,"나 자신이 너무나도 미워보일 때, 다른 사람들은 너무 잘나보이는데 나만 이렇게 못난 것 같을 때 말이에요."
1013,488,이럴 때 주의 사람들을 신경쓰지않고 어떻게 하면 언니처럼 진정으로 나 자신을 사랑 할 수 있을지 궁금해요ㅜㅜㅜ
1014,489,I love you ????????
1015,490,언니는 뭔가 새로운 환경에 적응해야하는데 내가 남들에비해 더 노력해야할때 어떻게 하셨나요!
1016,490,"예를들어 미국에있다가 한국에서 생활하게 되었을 때, 연기를 시작했을때요 !"
1017,491,언니보면 짜장면 먹고싶어요
1018,491,저 정상인가요?
1019,492,언니는 왜 맨날 같은 티만 입어요?
1020,492,"??프리티 , 큐티??"
1021,493,언니가 피부에 돈써서 제일 효과 받은거 궁금해여 화장품 레이저 보톡스 기타등등....
1022,494,언니의 인생 영화 3개를 꼽자면???
1023,495,"1.연예인을 하며 얻은것 잃은것
2. If 한예슬이 연예인을 안했다면 ???!"
1024,496,근데 누나는 세리스토 대학갈 때 수학도 잘해야 되요?
1025,497,Q. 함께 작업했던 남자배우중 최고의 매너남은? 콕 찍어주세요~~
1026,498,이쁜예슬언니
1027,499,언니 길가다 언니보면 아는체 해도되요??
1,0,예슬언니!
2,0,30대를 앞두고 남은 20대를 걱정하고 조급해하는 사람들에게 하고 싶은 말은 무엇인가요?????
3,0,2. 꼭 무언가를 이뤄야지만 가치있는 인생인가요??
4,1,? 언니만의 인간관계 팁은? ? 그리고 예를 들어 만나면 불편하고 싫은 사람이 있는데 상황때문에 그 관계를 계속 이어나가야 하는 상황이면 어떻게 하실 건 가요??
5,2,"1. 학창시절 추억 썰 듣고 싶어여??
2. 나의 일상에 영감을 주는 사람은?
3. 우리나라에서 가장 좋아하는 장소는?
4. 다음 해보고 싶은 타투는?
자세히 보기"
6,3,언니는 우울함이 찾아왔을 때 어떻게 대처하시나요?
7,3,코로나 덕분에(?) 집에 있는 시간이 많아지면서 전보다 우울해지는 시간이 많아졌어요.
8,3,"언니한테 우울함이란 무엇인지, 그리고 언니만의 현명한 대처법을 알고 싶어요!"
9,4,언니 최근에 사신것중에 제일 잘샀다!!
10,4,생각하는 템이 뭔가용?
11,5,인생에서 진짜 친구가 없는 것 같아요.
12,5,그게 제 잘못일수도 있지만 외로움이 느껴지고 슬프기도 해요.
13,5,이런 고민도 들어주실 수 있을까요?
14,5,?? 항상 잘 보고 있습니다
15,5,??
16,6,앞으로 도전해보고 싶은 꿈이 있다면??!????
17,7,내가 이걸 이시간에 본건 운명이야 언니 궁금한거 너무 많은데 하나만 묻자면 언니의 긍정 마인드는 어디서 나오는지 넘 궁금해요
18,7,???
19,8,"예슬언니는 올해, 그리고 앞으로 10년안에 꼭 이것만은 극복해보려는게 있다"
20,8,던가 꼭 해보고싶은게 있다면 무엇인가요!
21,9,"????배우 예슬언니에게
?대본 외우는 꿀팁이나 방법
?가장 기억에남는 드라마 촬영씬
?앞으로 해보고 싶은 드라마 장르나 역할

???♀???인간 예슬언니에게
??한예슬의 10대,20대는 어땠는가요?"
22,9,??자신의 10년뒤 모습이 어떨거 같나요?
23,9,"??인생에서 가장 힘든순간이 있으셨다면 어떻게 버틸수있었는지
??배우를 하지 않았다면 무엇을 하고 있었을지

????유튜버 예슬언니에게
??유튜브 잘했다고 생각드는 순간은?
??유튜브를하면서 달라진 점은?
??유튜브를 시작하면서 노력하고있는점은?(편집이나 컨텐츠등등..)

??인간으로서의 한예슬???♀? , 배우로서의 한예슬?? , 유튜버로서의 한예슬??의 차이점과 앞으로의 비전,계획은?"
24,10,정말 완벽한 외모를 가진 누님에게도 본인에게 부족함을 느끼나요???
25,11,언니 그댄달라요도 좋아하지만 Memory라는 노래도 좋아하는데 Memory도 불러주실수 있나용?? 언니 영어 엄청 잘하는데 영어가 편해요?
26,11,"한국어가
편해용? 두가지 언어 잘하는 분들은 숫자세는건 영어가 편하다는 사람이 많던데 언니는 막 영어가 더 편한 경우 있으면 언제인지 궁금해용!!!! 언니 사랑해요!!!!!"
27,11,?????? 우리 언니 꽃길만 걷자????????????
28,12,"Q.언니가 생각하는 ""가치있는 인생"" 이란 무엇인가요??"
29,12,또 요즘 취업준비 하면서 자존감이 많이 떨어져 있는데 언니만의 자존감 높이는 노하우? 있으면 공유해주세요!!
30,13,슬럼프가 심하셨을때랑 슬럼프를 견뎌내신 방법이 궁금해요ㅠ
31,14,언니 인생에서 가장 독하게 뭔가 해보셨던 경험이 무엇인가여?
32,15,이깨까지 찍었던 화보중에서 가장 마음에 드는 화보 best5
33,16,혹시 피부 관리나 그런건 어떻게 하나요??
34,16,혹시 무례 하다면 죄송합니다 ㅜㅠ
35,17,배우가 되지 않았다면 무엇이 되었을것 같나요?
36,17,어떤일을 할 때 제일 재미있다고 느끼는지 궁금합니다
37,17,??
38,18,"언니가 지금까지 간 해외 중 제일 좋앗던 나라는? 혹은 추천하는 나라는?
언니가 지금까지 한 드라마 중 맘에들엇던 탑3
언니가 트와일라잇 벨라역을 맡는다면 어떤기분일지?"
39,18,궁금합니다
40,18,아?
41,19,저번 qna에도 나왔을라나....?
42,19,"""한 예 슬"" 이름의 뜻이 궁금해"
43,20,잠이 안 올때 어떻게 하시는지..
44,20,"무슨 노래를 들으시는지두...
잠이 안와서 날을 지새다 보면 너무 우울하고 새벽이 길고..."
45,20,우울해요ㅠㅠ
46,21,또 하고싶은 의미있는 문신이 있나요?
47,21,??
48,22,인생노잼시기가 오면 언니는 어떻게 극복하세요?
49,23,언니 사람을 사귈때 제일 중요하게 생각하는건 뭐예요??
50,24,연예계에서 가장 인성 좋은 연예인이 궁금해요
51,25,언니는 옛날부터 긍정적이고 애교가 많았나요??
52,26,"개인적으로 가장 인물이 좋은 여자,남자 연예인은 누구 인가요?"
53,27,"저는 종강해서 방학중에 넷플릭스 못본거 볼려고 찾아보는데 
혹시 추천해줄만한 넷플릭스 드라마나 영화 있나요!!!"
54,28,삼천포가 할머니댁이라 촬영하셨던 (독일마을)에서 환상의커플 촬영하실때 할머니 손 잡고 구경가곤 했는데 벌써 제가 스물다섯이에요..!
55,28,멀리서나마 많은 카메라들과 스텝들. 언니를 보며 신기해서 방방 뛰었던 기억이 새록새록해요
56,28,"시간도 참 빠르지만 언니에 대한 마음도 정말 같이 커온것처럼 그대루우얌...?????♀???
환상의커플 촬영하실때 가장 재밌었던점/행복했었던점과  힘들었던점 궁금해요!"
57,28,제 예상이지만 힘들었던점은 아무래도 거리가 먼점도 있을듯해요 ㅠㅠ
58,29,"Hello I’m fan for you for long time i love your dramas and I hope to see you again in running man, my question is which one of your drama you miss it and which one you fell you fall for it and you want to live it? And all love for your personalty I respect your choices and how you live your life us you want keeping your self positive and be healthy and safe????????"
59,30,언니는 어떨 때 제일 나다운 모습이라고 생각해요?
60,31,언니 동안인비결이 뭐에요 ??
61,31,????
62,32,"믿었던 사람에게 배신 당했을 때, 그 절망감과 부정적 감정을 어떻게 극복하고 다루면 좋을지 언니의 의견이 궁금해요!!"
63,33,만약에 언니가 좋아하는 사람이 그렇게 좋은 사람이 아닌 것 같으면 어떻게 하실건가요..?
64,34,이쁜이 언니!
65,34,"난 다른 사람들의 눈치를 많이보고,  
몇몇의 사람들이 나를 향해서 비아냥대고 외모를 지적하거나 인신공격을 해. 그럴 때마다 그냥 못 들은 척 지나가거나 그 자리에서 도망치듯 나와.  그래서 친구랑 있거나 가족이랑 있거나 그럴 때는 자존감이 괜찮다고 생각하는데 그런 나를 까내리는 말을 하는 사람들 앞에서는 한없이 작아지고, 자존감이 바닥을 치는 거 같아."
66,34,그럴 때 뭐라고 해야지 속 시원하게 뒤통수를 때릴 수 있을까??
67,34,언니 사랑해?
68,35,발렌티노 행사에서 이렇게 까지 기자님들이 리액션 나온게 이례적이였다고 뜬 영상을 봤는데 혹시 그 영상 보셨나요 ??
69,36,어떻게 그렇게 예쁘실 수 있는 거죠
70,37,제 시선에서는 세상 좋은 건 다 가진듯한 언니가 생각하는 세상에서 가장 중요한 가치가 뭐라고 생각하세요 ?
71,37,영상 항상 잘 보고 있어요
72,37,내 롤모델님 ??
73,38,??언니가 만나본 여자 연예인 중 가장 언니 스타일로 이뻤던 분은 누구인가요?!!!
74,38,??
75,39,예슬언니의 최애 바디크림 & 향수 추천 ♥?♥?♥?
76,40,"예슬언니가 원하는 미래, 결혼하게 된다면 원하는 결혼 후 생활이 궁금해용~"
77,41,1등이다!ㅎㅎ
78,41,언니가 생각하는 언니라눈 사람은 어떤 사람같아용?ㅎㅎ ??
79,42,예슬언니 mbti 궁금해요
80,42,???
81,43,"Hi sister! I have two questions:

1- I would like to know, your 5 favorite series.

2- Would you like to play a villain if you were offered the role?

Kisses from a Brazilian fan!"
82,44,언니!!
83,44,"항상 너무 너무 예쁘고 사랑스러워 죽겠어용!! ????
질문은!! 
1. 맥심믹스커피에 에이스 찍어먹어보셨어요??"
84,44,"(짱 맛있답니다,,)"
85,44,2. 요즘 어떤 노래 주로 들으세요!?
86,44,3. 떡볶이 좋아하세요??
87,44,최애 떡볶이 집은 어디신가요!!??
88,44,4. 당근케이크 좋아하세요!??
89,44,5. 딸기요플레와 복숭아요
90,44,플레 중에 뭐가 더 좋아요??
91,44,"(저는 ??)
6. 놀이동산이 좋아요??"
92,44,워터파크가 좋아요??
93,44,7. 언니의 애착인형? 같은게 있나요??
94,44,"8. 요즘 춤 배우러는 안가시나용?? 
9. 새롭게 배워보고싶은게 있나용??
10. 언니같이 예뻐질려면 다음 생을 기약해야겠죠?? ㅎㅎㅎ"
95,45,친구와의 관계에서 서운했던 점을 말하는게 관계에 좋을까요
96,45,아니면 서운했던 점은 속마음에만 놔두고 말하지 않는게 좋을까요??
97,45,어떻게 생각하시는지 궁금해요!!
98,46,연애특강같은 여름댄스곡 내주실 생각은 없으신가요???ㅠㅠㅠㅠㅠ
99,46,목소리가ㅜ너무 상큼해서 녹을수도 있단말이예요ㅠㅠ
100,47,??한예슬 언니가 추천하는 영화나 드라마!!
101,47,"??언니만의 요즘 소확행
??최근 쇼핑한 것 중 가장 잘 산 템??
??베스킨라빈스 중 최애 맛 (아 언닌 고디바만 드시려나 모르겠지만...
??7월 버킷리스트가 있는지 궁금해요!"
102,48,"인관 관계를 유지하는데 거의 
먼저 연락하고 먼저 만나자고 하는데 계속 그렇게되다보니 나만 이 관계를 소중히 생각하는건가 하는 생각이 들어요."
103,48,내가 연락안하고 하면 자연스레 멀어질 것 같은 관계를 유지하는게 좋을까요
104,48,아니면 자연스레 멀어지는게 좋을까요??
105,48,인맥이 없다는 생각에 집착을 하게 됩니다.
106,49,"기분 우울할때 대처법!
혼자살으시면서 외롭다고느낀적이잇다면 언제인가요?"
107,49,언제부터 결혼에대해 다시 진지하게생각하게되었나요?
108,50,1. 언니 데일리 메이크업 영상 한번만 더 올려주시면 안되요?ㅠㅠ
109,50,(초보자용)으로요 2. 인생에서 가장 행복하고 후회되었던일 3. 이별의 슬픔을 어떻게 극복했는지 4. 앞으로 언니의 계획 5. 이상형 6. 우울할 때 극복하는 방법 7. 실례가 안된다면 최고 몸무게 그때 어떻게 다이어트를 시도했는지.
110,50,8. 코로나가 잠잠해지면 팬미팅 할 계획이 있으신지!
111,50,9. 살면서 가위에 눌려봤거나 귀신을 본 적이 있으신지 궁궁해용         언니 제가 완전 언니 찐팬이예요ㅎㅎㅎ
112,50,언니가 항상 인트로에 이쁘니들이라고 해줘서 너무 좋아요
113,50,사랑해요
114,50,언니
115,51,언니의 mbti
116,52,이런 질문 좀 그렇지만?? 제가 털이 많은게 고민이라서요...
117,52,"여름이기도 하고 ㅎㅎ 언니는 따로 털 관리 하시는지(제모, 왁싱...) 궁금해요!!"
118,53,한예슬 집에 있는 거울이 부럽습니다.
119,53,어떻게 하면 거울이 될 수 있나요?
120,54,더보기란이나 커뮤니티글은 예슬님이 쓰시는 건가요?
121,54,아니면 관계자분이 써주시는 건가요?
122,54,글이 음성지원 수준으로 예슬님 말투라서요
123,55,배우나 방송 아니면 어떤 일 했을 것 같아요?
124,55,어떤 회사 다녔을 것 같다
125,55,거나 어떤 사업 했을 것 같다
126,55,요런 거 귱금해요
127,55,??
128,56,언니 혹시 벌레 무서워하시나요 ??!??!?
129,56,집에 혼자 있을때 벌레가 나타나면 잘 죽이(?)는지 궁금해요
130,56,"(큰 벌레든 작은 벌레든) 
벌레 잡는 노하우나 팁있으면 알려주세용 ??"
131,57,"언니가 해보고싶었던 드라마의 역할이 있었다면
어떤 드라마의 어떤 역인지 궁금해요"
132,57,??
133,58,언니의 최애 향수 궁금해요!
134,59,언니가 생각했을때 인생에서 꼭 알아두면 좋은 팁들 있나요 ㅠㅠㅠㅠ
135,59,????????
136,60,와 사진 지인짜 예뻐요 화사하고 귀엽기까지해... 질문하려다 잊어버렸잖아요ㅠ
137,61,다른사람들는 친구나 사회생활하면서 상처를 가장 많이 받는다지만 저는 가족에게서 상처를 가장 많이 받아요.
138,61,언제나 곁에서 힘이 되어주는게 가족이라고 그러던데 저의 우울증을 알면서도 정신이 이상한사람 취급하는데 너무 상처를 받아서 집에서 아무말도 안하고 그러고 지내고있습니다.
139,61,취업되면 독립하려구요.
140,61,"그런데 가끔은 이게 맞는구나 싶으면서도 밥먹으라는 말, 어디가냐는 말을 들을때마다 내가 가족으로써 못할짓을 하고있는건가 고민이 들어요."
141,61,"어떻게해도 끊어낼 수 없는데 혈연이라는데, 이해와 사랑을 받지 못하는 가족들에게 저는 어떻게 해야할까요?"
142,62,1.길거리에서 팬분들이 마주쳐서 인사하고 사진찍어달라고 한다면 부담스러우신가요ㅠ.ㅠ!?
143,62,2.집에서 혼자있는데  갑자기 무서울때는 어떻게 하나요
144,62,"???

3.요즘 유행했던 밸런스게임을 컨텐츠로 만드시는건 어떠신지!!"
145,62,개인적으로 너뮤 재있을것같어요 ㅎ.ㅎ
146,63,예슬언니 살면서 부모님께 했던 가장 큰 효도는 뭐에요?
147,63,(저는 아직까지 철부지 딸...엄빠 사랑해♡)
148,64,"얼굴 몸매 재력 부족한거 없어보이는
언니에게도 부족한부분이나 컴플렉스가 있나요?!"
149,65,언니 mbti 뭔가요 ??!
150,65,성격 너무 닮고 싶어요
151,65,??
152,66,"?언니 노력에 비해 사람들이 몰라주는 부분이 있다면?
?어릴적이지만 생생한 행복했던 장면은 ?
?요즘 언니가 들으면 가장 행복할 것 같은 칭찬이나 말은 ?
?언니의 인생에 어떤 부분을 골라 영화로 만든다면 어떤 시기, 어떤 장르가 좋을까요 ?"
153,66,"?미래 언니의 아들,딸의 이름을 지어본다면 ?
?소설이나 영화 속 캐릭터 중 실존인물이면 좋겠다고 생각하는 사람은 ?
?언니의 길티 플레저(guilty pleasure)는?
?언니 집에서 가장 오래된 물건은 ?

??언니 늘 콩깍지 낀 시선으로 언니 유튜브를 보고 있는 이쁜이입니당??언니가 편하거나 즐거워보이면 제가 다 기분이 좋더라구요"
154,66,??
155,67,MBTI 궁금해요
156,67,??
157,68,언니의 데뷔 슈퍼모델 나가게 되신 계기가 어떻게 되시나용??!!
158,69,거울을 볼때 어떤 기분인지..
159,69,그 외모로 살면 얼마나 행복한지 궁금하네요
160,70,예슬언뉘~!!! 예쁜이들을 위해서 언니가 요즘 읽는 책이나 추천하고 싶은 책 알려주세용~!!???? 코로나 때문에 집콕을 하다
161,70,보니 언니가 재밌게 읽었던 책을 같이 읽어보며 힐링하고 싶네요
162,70,???
163,71,만약 현실에 만족하지 못할 때!! 언니는 주어진 현실 속에서 소확행을 찾아 만족하려고 노력하는 편! vs 더 이상적인 현실로 나아가기 위해 노력하는 편! 어떤것에 가깝나요?
164,72,1.제 자신을 수용하기가 너무 어려워요.
165,72,부러운 사람들이 너무 많아요.
166,72,어떻게 하면 나를 있는 그대로 수용할 수 있을까요?
167,72,2.친구가 없어서 결혼식 하객으로 부를 사람이 없어 고민이에요.
168,73,슬의에서 나오는 대사죠?
169,73,"기억이 잘 안나지만 ..
""넌 널 위해 무얼해주고 있어?"""
170,74,"누님 ... 사람들도 만나시 싫고, 자존감이 낮아질 땐 어떻게 극복하는 게 좋을까요?"
171,75,언니의 MBTI는????
172,76,예슬 언니는 인간관계 가치관에 확실한 것 같아요!
173,76,사람 사이에 연이 끊긴 경우에 언니는 어떻게 대처하시나요?
174,76,너무 친했고 좋아했던 사람이면 다시 연락해도 괜찮은건지..
175,76,인생에서 다시 그사람같은 친구 못만날 것 같지만 밉기도하고..
176,76,뭐가 맞는건지 모르겠어요
177,76,예슬언니 생각이 궁금해요
178,77,이제까지 받았던 선물 중에 가장 기억에 남는 게 뭔지 궁금해요
179,78,언니 저는 아직 속마음을 편하게 이야기 할 수 있는 친구를 못만났어요 ㅠㅠ
180,78,예슬언니는 속마음을 이야기할 수 있는 친구가 많이 있으신가요?
181,78,언젠가 저도 인생 친구를 만날 수 있을까요....?
182,79,많이 들었겠지만 아직도 이쁘단말을 들으면 기분이 좋나요?
183,80,앞으로의 삶의 목표요!
184,81,"I had to google translate this to understand ??
1. What is your biggest pet peeve?
2. Biggest fear
3. If you can turn back time, do you still wanna become a celebrity
4. When was it that you realized from this moment on things will never be the same for you because now you’re famous?
5. What advice would you give to your younger self?
6.What do you wished you were asked about more?

I ENJOYED WATCHING ALL YOUR VIDEOS AND I LOVE YOUU ????????"
185,82,피부 관리 시술 추천해주세요~~!
186,83,연예인 안했으면 무슨일 하셨을지?
187,84,계획보다 폭식을 하게되면 의지까지 무너져버려요..ㅠㅠ
188,84,예슬 언니는 의도와 달리 과식이나 폭식하게 되었을때 어떤 마음가짐을 가지시는지 궁금해요
189,85,"예슬언니는 솔직한 매력이 있으신데, 저는 사람들에게 솔직하게 말을 못하겠어요ㅠㅠ"
190,85,상대가 상처받을 거 같아서 착한 척 하게되고 솔직하게 못 털어놓는데 언니만의 솔직함 비결이 있나요??
191,86,ㅡ Q&A ★  언니가 이제까지 찍으셨던 작품중에 가장 인상 깊었던 드라마는요???????^^
192,86,*~~~~~~~
193,87,"전 요즘 제가 왜 사는지, 뭘 위해 사는지 모르겠어요."
194,87,"예슬이언니는 왜, 무엇을 위해 살아가시나요??"
195,88,제일 좋아하는 음식은 뭐에요?
196,88,"제일 좋아하는 가수는?
제일 좋아하는 배우는?
제일 좋아하는 드라마는?
가장 인상깊게 봤던 영화가 뭐에요?"
197,88,"영화 추천 해주세영!
제일 좋아하는 캐릭터는용?"
198,89,한분야에서 성공하고 존경받는 분이신 만큼 후배 배우들이 존경하는 선배님이라고 언급할때의 기분이 궁금해요
199,89,??
200,90,논스톱4 함께하던 친구들하고 아직도 연락하시나요?
201,90,"장근석,오승은,이윤지 등과 동고동락했을때 ㅋㅋㅋ"
202,91,"저두 언니처럼 내가 진짜 좋아하는 일을 하고 싶고, 찾고 싶어요.."
203,91,"저는 아직도 여전히 진로, 직업 고민인 제가 남들보다 뒤쳐지는 것 같아서 괴로워요"
204,91,????
205,92,지금까지 먹어봤던 여러음식들중에 가장 기억에 남아서 또 먹고싶다!!!.하는 음식 TOP3요!
206,92,:-)
207,93,언니 목소리가 너무 좋아서 그런데 혹시 asmr 영상은 올려주실 생각 없으신가요??!!
208,93,이팅사운드 말고 언니 목소리로.....??
209,94,"1. 연예인 하면서 제일 힘들었던 점!!!!
2. 연예계가 진짜 독해야 살아남는다는데 진짜 그 정도로 ㅎㄷㄷ인가요????"
210,95,"???예슬언닝???
29에서 30살로 넘어가던 새해 기분은???
언니는 언제 '어른이 되었다'고 느꼈어요??"
211,95,"언니도 남들보다 뒤처진다는 느낌을 받기도 하시나용??
미모 열일하시구 코로나 조심해용?????"
212,96,고등학생인데 요즘 공부도 잘 안잡히고 ㅠ 삶이 너무 무기력해 진거 같아요..
213,96,언니만의 슬럼프 극복법이 있나용 ㅜㅜㅜ
214,97,언니도 방구 뿡뿡 껴요??
215,98,언니 햄버거 먹어봤어요??
216,98,언니의 인생 버거 이야기 해주세요
217,99,배우가 꿈인 고1 인데 너무 늦은것 같고 어디서 부터 시작해야 할지 모르겠고 제가 정말 이 일를 잘 할까 고민이 에요ㅜ
218,99,언니는 배우를 어떻게 시작하셨는지 궁금해요!!
219,100,Do you think that you have reached the top of your career when you can just be satisfied with the results or you think that there’s still a way to go ahead?
220,101,How do you stay forever young? I seriously want to be your best friend ?? ?
221,102,"예슬언니의 핑크머리 어느샵에서 한건가여?
언니의 인생최대의 고비는 무엇이었나요?"
222,102,알고 싶어요 ?
223,102,인생최대의 행복은 어떤건지도요?
224,103,꿈은 어떤 언어로 꾸시나요?
225,103,?? 유학 오래하신 분 얘기를 들어보니까 꿈을 꾸는 언어가 한국어에서 다른 언어로 바뀌었다고 해서 굉장히...신기했어요
226,103,:D  아님 혹시 영어로 꿈을 꾸신 적이 있으신가요?
227,104,내가 그토록 원하고 원했던 일이 이루어지지 않았을때나 누군가 나에게 뒷통수를 쳤을때 언니라면 어떻게 대처하나 알고싶어요 ㅠㅠ
228,104,제가 지금 그런 상황인데 슬프기만 하고 어떻게 행동해야할지 모르겠거든요..ㅠㅠ
229,105,"1. 나만의 가르마 잘 타는 법!
2. 하루에 잠 몇시간 자요?"
230,105,3. 집안에서의 주 스타일 궁금해요!
231,105,(저는 머리카락 다 쓸어올리는 헤어밴드 필수착용해요..ㅎ)
232,105,영상 항상 잘 보고 있어요ㅎㅎ
233,106,유투브 영상 보면 도전하고 계속 바쁘게 일을 해나가시면서도 밝은 모습들이 많이 보여져서 에너지 많이 얻었어요!
234,106,한예슬님의 삶의 목적이 뭔지 궁금해요!
235,107,연하남어때요?
236,107,위아래 몇살까지!?
237,108,제가 그냥 친구는 많은데 절친은 없는거같아요ㅠㅠ
238,108,어떻게 하면 절친을 만들 수 있을까요?
239,109,용서못할 사람을 용서하는 법이나..
240,109,언니는 그사람을 어떻게 대하고 그 사건에 어떻게 반응하는지 궁금해요~
241,110,언니의 기준에서 연예인들 중에 여자 연예인 남자 연예인 누가 제일 예쁘고 잘생겼다고 생각하세요?^^
242,110,30대~40대 연예인이요!
243,110,(언니 빼고요~
244,110,??????)
245,111,이쁜이들이랑 소통하는 유튜버 한예슬도 좋지만 배우 한예슬로서 차기작 준비중이신지 궁금합니다
246,111,?
247,112,??언니가 자주쓰시는 향수들이 궁금합니다
248,112,??
249,113,대놓고 저를 힘들게 하는 사람과 1년을 봐야한다면 어떻게 하실건가요?
250,114,어떻게하면 하루를 알!차!게! 보낼 수 있을까용?혹시라도 시간을 물처럼 흘려보낸듯한 기분이들 때 좌절하지 않을 수 있을까요....
251,114,??????
252,115,"이쁘니 언니♡
도전해보고싶은 시도해보고싶은 배역이 있나요?"
253,116,언니는 무엇을 하셨을 때 행복하고 기쁜가요 ?
254,116,취미나 특기 공유해줘요
255,116,??
256,117,취업준비하면서 자존감이떨어지는데 ㅜ자존감높이는방법이잇나요
257,117,누나도 자본하나두 없이 힐링하는방법이 잇나요?
258,117,누나 다이어트로1일1식괜찮은가요?
259,118,질문은 아니지만 언니 마음씨가 정말 예쁜 것 같다..ㅠㅠㅠㅠ
260,118,큐엔에이 좋아하니까 또 해주는거 너무 감동???? 언니 사랑해
261,119,비타민같이 톡톡 튀는 상큼 발랄 매력 예슬언니 짱짱?? 항상 긍정 에너지 듬뿍 받고 있습니다!
262,119,감사하고 사랑해요~
263,119,항상 좋은 영상 응원합니다
264,119,???
265,120,언니 영어 발음 너무 좋아서 영어 동화나 책 읽어주는 콘텐츠 할 생각있나요??????
266,121,예전에 예슬언니 나온 뱀파이어드라마가 생각나요.
267,121,뱀파이어 같으신데 사람인척 숨기고 사시는 기분은 어때요?
268,122,??????연예인이된계기는요?
269,122,"연예인,배우가 되고싶다고 마음먹은 계기는요?"
270,122,지금까지 잘 버텨오신 노하우??!
271,123,언니는 다음 생에도 언니로 태어나고 싶나요??
272,124,처음으로 자격지심이 생겼는데 극복이 잘 안돼요ㅠㅠ 너무 힘들고 옛날엔 자신감도 넘쳤는데 요즘 자격지심으로 변한 성격때문에 제 자신도 낯선데 어떻게 극복하면 좋을까요ㅠ
273,125,현재에 만족하면서 살아가는 방법에 대해 궁금합니다.
274,125,미래도 불안하고 가진것도 많이 없지만 지금행복하기 위해서 현재를 살아야한다고 생각하는데 쉽지 않네요 ㅎㅎ
275,125,영상 정말 잘보고 있습니다.
276,125,긍정적인 에너지를 주셔서 감사하고 앞으로도 멋진 모습 기대할께요!
277,126,예슬언니 방부제 미모의 비결은 무엇인가요?
278,126,"항상 자신감있게, 인생을 즐기며 사는 모습이 너무 보기좋아요 !"
279,126,그 힘의 원천은 어디서 나오는건가요?!
280,127,예슬언니~예전영상에서 기독교인이라고 말씀하셨는데요
281,127,신앙생활을 어떻게 하고계신지 궁금해요
282,127,":-)
또,특별한 신앙 간증도 있으심 나눠주세요"
283,127,♡오늘도 예슬언니를 사랑하고 언니의 영혼을 위해 기도하는 그리스도인들이 있다는것도 기억해주세요
284,127,♡
285,128,언니는 언제 언니가 가장 예뻐 보여요??
286,129,"펜디, 디디에두보, 생로랑 등등 제가 좋아하는 브랜드의 모델이신데 , 현재 모델인 브랜드 중에서개인적으로 마음에 드는 브랜드가 뭔지 궁금해요ㅎㅎ"
287,130,살면서 가장 중요하게 생각하는 몇가지가 있나요?
288,130,"어떤 시각으로 인생을 바라보고 사시는지, 일할땐 어떤 생각을 겸하시는지 궁금해요"
289,130,늘 미래지향적인 예슬님이 어떤 대답을 해주실지 기대가되요 그리고 제가 많이 사랑해요
290,130,??
291,131,지금의 자리까지 올라온 배우님 ! 지금 당신은 정말 행복하신가요 ?~
292,132,언닝 정~~~~말!! 친했던 절친이랑 연락 끊긴지 2~3년이 되어가요
293,132,초딩때부터 사회인 되기까지 서로가 세상에서 젤 소중하다고 여긴 찐-인연인데 사회생활 하면서 어느순간부터 서로 대화가 어긋나고 맞지않는 부분이 있고 말하지않는 비밀이 생기고 어색해지고 .. 갑자스레 그런관계가 한순간에 되버리니 한차례 자연스럽게 멀어졌다가 다시 연락이 닿아 이어오다가 다시 끊어진게 2년이 넘었거든요..?
294,132,연락처도 지우지 못하고 그렇다고 해보지도 못하는 이 애매한 상황을 어떡하면 좋을까여..ㅠㅠ 요 며칠간은 꿈에도 나오고 힘들어요
295,132,다시 연락해볼까 싶다가도 용기가 없고 다시 만난다해도 제자리걸음일것 같아 선뜻 이러지도 저러지도 못하겠어요
296,132,언닝 도와주세여~??
297,133,언니~ 언제 가장 자신이 화려한 조명에 비춰진다고 생각하시나용?? :)
298,134,내가 좋아하는 옷의 스타일 VS 내게 어울리는 옷의 스타일 이둘을 어떻게 콜라보 해야할까요 ㅠㅠ
299,135,"언니의
행복의 기준과 성공의 기준이 있으신가요?~"
300,135,궁금해요~ !
301,136,예슬언니 넘이뻐요 환상컾 그 드라마때 굉장히 좋아했던분 진짜 넘~~~~예뿌심ㅠㅜ
302,137,요즘 다이어트 때문에 너무 스트레스 받아요ㅠㅠ
303,137,언니만의 다이어트 팁과 당당하게 사는 법 너무 궁금해요!
304,138,앞으로의 계획을 어떻게 하면 좋을까요?!
305,138,인생에있어서 남자친구가 중요한거일까요?
306,138,제 삶중 나자친구의 비중은 얼마가 좋을까요?!
307,139,외적인판단없이 돈이 이 세상에 존재하지 않고 오로지 영혼으로만 이 세상을 살아간다면 무엇을 어떻게 살아갔을거 같나요.
308,140,내가 해야할 일이 분명함에도 불구하고 정말 너무 하고싶지 않아 한없이 무기력해질 때가 언니에게도 온 적 있나요?
309,140,만약 왔다면 어떻게 해결했나요?
310,141,한예슬이란 이름은 어떻게 누가 지어주셨나요?
311,141,(예슬누님이랑 넘 잘 어울려서 여쭈어봅니다.^^)
312,142,"너무 좋은 질문들 가득이네요,,"
313,142,?? 이번 영상도 재밌겠다ㅠ
314,142,??
315,143,자꾸 나도 모르게 남들과 비교하면서 작아지는 제 모습에 우울해요..
316,143,모든 면에서 뛰어나 보이는 예슬언니도 이런 경험이 있으세요??
317,143,있다면 어떻게 대처하는지 궁금해요!!ㅜ
318,144,언니 피어싱 위치 알고싶어용!!! 그리고 피어싱 디자인?(꾸미기)은 어떻게 하는지도 알려주세요~
319,145,언니처럼 너무 이뻐지고 싶은데 어떻게 하면 되는거죠?
320,145,진짜 언니 얼굴이면 정말 행복 그 자체 일 거 같아요..
321,145,??
322,146,헤어지고 이별을 극복하는 좋은방법 알려주세요
323,146,헤어진지 얼마 안됬는데 너무 힘이 듭니다 ㅜㅜ..
324,147,??배우 한예슬로서 차기작 예정에 있으신지 너무 궁금해요
325,147,??
326,148,너무예뻐ㅜㅜ착하시고..
327,148,완벽?
328,149,언니는 단연컨대 천상계 미모지만 그래도 가장 자신있는 부위와 콤플렉스인 부위는 어디인지 궁금해요!!
329,149,♡
330,150,"Dear sister♥?
When can I see your new TV series？"
331,151,하고 싶은건 많은데 현실과 타협해야할 때 어떻게 해야하나요?
332,152,이별 극복하는 법 알려주세요ㅜㅜㅜ
333,153,"언니~ 언니만의 연애팁이나 인간관계 노하우, 직장동료 사이에서 생기는 트러블 대처법 같은 게 있다면 들려주세요~"
334,154,"1) 주로 즐겨보는 영화
2) 좋아하는 영화 장르
3) 가장가장가장 화려한 드레스가 있다면?
4) 가장가장가장 안입는 옷이 있다면?
5) 가장가장가장 잘입는 옷이 있다면?
6) 네일은 항상 네일샾가서 하세요?"
335,154,7) 항상 한결같은 모습 한결같이 당당한모습 너무 좋아요
336,155,언니가 요즘 넷플릭스 쇼중에서 셀링선셋이라는 걸 본다고 했는데 (저도 완전 빠져있어요!)
337,155,제일 공감가는 캐릭터 혹은 제일 매력있다고 생각하는 캐릭터는 혹시 누구에요???
338,156,혼자서도 외롭지 않은 방법이 있을까요..?ㅠㅠ
339,156,외로운게ㅜ당연할수도 있지만..ㅎ언니는 우울하면 어떻게 해결해 나가는지 궁금해용ㅠ
340,157,예슬님처럼 긍정적인 마인드를 가지려면 어떻게 해야할까요.
341,157,항상 미소를 잃지 않으시는 모습이 부럽습니다.
342,158,언니 이거 진짜 심오한 건데... 다들 비밀로 쉬쉬 하는 거 아는데... 내가 말 꺼내도 되나 싶긴 한데... 언니 천사죠?
343,158,언니 날개 숨기는 거 내가 다 봤어.
344,158,천사가 아니고서야 어떻게 평생을 예뻐? 말도 안 돼. 언니 천사인 거 세상이 다 아니까 이젠 진지하게 대답해 줘요!!!!!
345,159,댓글 질문들이 다 너무 진부하고 진지해ㅜㅜ 무겁다구..
346,160,언니 환상의커플 보고 언니가 더 좋아졋어요ㅠㅠㅠ
347,160,그 드라마에서 나상실로 연기하면서 힘드셧던 부분도잇나요?
348,161,"1. 언니가 무언갈 포기하고 싶을때, 포기하지 않고 나아갔던 경험이 있나요?"
349,161,그때의 동력은 무엇이고 그 경험이 주는 메세지는 무엇이 있었나요?
350,161,2. 언니의 인생에서 뜻밖의 좋았던 책. 영화. 드라마 중에 아무거나 하나 알려주세요.
351,161,저도 볼래요 ㅎㅎ
352,162,예슬언니의 최애 립스틱.. 궁금해요 ㅜㅜ
353,163,배우가 된 계기 궁금해요!
354,163,그리고 언니의 롤모델 궁금합니당!
355,164,지금까지 출연한 드라마나 방송 중에서 제일 잘했거나 뿌듯하다고 느껴지거나 기억에 남는 게 있다면 무엇인지 알고싶어요!
356,164,??
357,165,조심스럽지만.. 여자와 사랑에 빠졌었거나 사랑에 빠질 뻔했던 적 있으신가요..?
358,165,없으시다면 이런 상황을 상상해본 적 있으신가요??
359,166,지금까지 중 다른 영화나 드라마에서 가장 탐나는 배역 탑3는~~~~???ㅎㅎㅎ
360,167,자존감 높이는 법이 궁금해요.
361,167,그리고 사랑해요
362,167,??
363,168,"우울이랑 좀 다른 건데, 엄청난 불안을 어떻게 컨트롤하시나요?"
364,168,그냥 일적인 것 뿐만이 아니라..
365,168,"일상의 세세한 것이 다 공포가
되고 그런 것들. 혹시 경험 있으신가요?"
366,169,1. 언니가 너무 예뻐서 많은 관심과 사랑을 받을 것 같은데 혹시 군중 속의 외로움?고독?을 느낀 적이 있나요?
367,169,2. 만약 그렇다면 어떻게 스스로를 더 아끼시나요?
368,169,"중요)
3. 언니 스스로 언제가 가장 예쁘다고 생각하시나여?????"
369,170,언니는 일 끝나고 공허할때 어떻게 대처하는지 궁금해요!!
370,170,열심히 달리고나서 지쳤을때 마음추스리는 꿀팁 알려주세용????
371,171,연예인들 패턴은 정말 바쁘고 스케줄이 꽉찬 사람으로 고정관념이 박혀있는데 정말 맞는 건가요 ?
372,171,언니는 자기 시간이란게 있나요 ?
373,171,주로 무엇을 하시면서 시간을 보내는 지 궁금합니다.
374,172,인생에 우연이 있다고 생각하시나요?
375,172,20대 중반에 접어들면서 20대 초반과 느낀 바가 같나요??
376,172,늦게 보고 늦게 질문해서  죄송해요
377,172,??????
378,173,옷 잘 입는 방법 알려주세여ㅠㅠㅠㅠㅠ
379,174,"스무살 초반, 스무살 중반, 스무살 후반을 보내면서 느꼈던 점이나 마음가짐이요 ! ??"
380,175,죽고싶다는 생각을 해보신적 있으신가요?
381,175,"그렇담 어떤 이유셨고 , 어떻게 극복하셨나요?"
382,176,엄마가 좋아요?
383,176,아빠가 좋아요?
384,176,??
385,177,언니의 이름 뜻이 궁금해요!!!!!
386,177,아니면 언니의 태몽!!!
387,178,"만약 언니의 인생이 영화라면, 영화의 엔딩 크레딧에는 어떤 음악이 들어가면 좋을 것 같아요??"
388,179,언니!
389,179,요즘 제일 관심사는 무엇인가요
390,179,????
391,180,가장 근본적 질문!! 사람은 왜 존재한다고 생각하시나요?
392,180,신은 과연 있는가 있다면 왜 인간을 창조했을까 이런 생각 해본적 있으신가요?
393,181,언닝 취업 중인데 인생이 내 마음대로 되지 않을 때 어떻게 해야될까요..?
394,182,무슨 일이 있어도 이것만은 지키고 싶다!하는 깨지지 않는 신념
395,183,밸런스 게임 해주세요!!
396,183,언니의 답이 궁금해요 !!
397,183,??ㅋㅋㅋㅋㅋㅋㅋㅋ
398,184,인생에서 현재와 미래중에 뭘 우선시하시나요?
399,184,현재를 택하자니 미래가 덜할것같고 미래를 택하자니 현재가신경쓰이고..
400,185,하나 더 질문드려도 될지 모르겠어요!
401,185,"그만큼 언니한테 관심이 많다는 뜻??헤헤
완벽한 언니도 컴플렉스가 있었다면 그 부분을 일부로라도 습관들여 고친것들이 있으시나용?"
402,186,가족에 대한 얘기를 잘안하던데 상처나 아픔이 있나요?
403,187,언니 만약에 결혼하게 된다면 어떤 컨셉의 웨딩촬영을 하고싶으세요 ?
404,187,상상찬스 !!!
405,188,예슬언니는 외로워도 슬퍼도 밥 잘먹고 건강하게 오래오래 방송해주면 큰 힘이될것 같아요.
406,188,쉬면서 유튜브 보는데 진솔하고 유쾌해서 좋아요
407,188,??
408,189,"진짜 진짜 너무 배고프실때 어떻게 하시는지 ,,,  아니면 정신 내려놓고 막 폭풍흡입한 후 후회한적 없으신지 그리고 어떻게 하시는지"
409,190,언니의 피부 관리법 알려주세요!!!
410,190,어쩜 그렇게 피부가 점점 좋아지시는지 모르겠소요ㅠㅠ????????
411,191,부지런하게 살고싶습니다ㅜㅜ
412,191,머리는 아는데 몸이 잘 안따라주네욜..
413,192,넷플릭스 즐겨보시나요?
414,192,만약 즐겨보신다면 재밌는 영화/드라마 추천해주세요
415,192,????
416,193,언니...
417,193,정말 그렇게 아름다운 비결이 뭐죠!?!?
418,193,세상에서 젤 예뻐...
419,194,"언니의 버킷리스트, 외로울때는 뭘 하시는지 궁금해요"
420,194,??
421,195,남자친구 안만들어요?
422,196,누님 채널 시청자 성비가 어떻게 됩니까?
423,196,남자는 저 밖에 없는건가요ㅠㅠ
424,197,"유튜브를 시작하고 언니의 인생에서 변화되었다고 생각하는 부분과, 언니가 생각하는 유튜브의 장단점들이 궁금해요!"
425,198,언니 첫사랑? 이별?을 주제로 한 이야기가 궁금해용 ???♀?
426,199,"매번 사진이 잘나오게하는, 사진찍는 찰나의 나만의 삘링은 뭔가요??"
427,200,근데 코로나 때문에 사회가 끝난 줄 알았는데 더욱 더 달리면서 가고 싶습니다.
428,200,신천지 빨리 폐쇄되면 좋겠어요.
429,201,사람마다 다르겠지만 내옆에 누군가가 생겼을때 그사람에게만 헌신하지않고 내자신의 생활도 지키고 건강한? 그런 사랑을 하고싶은데 이럴때 언니는 어떻게 극복하실지 궁금해요!!
430,202,재미나고 위트 있는 답변 기대해도 되나요?
431,202,(심오해도 괜찮아요)
432,202,??
433,203,내가 책임져야하는게 너무 많아져서 지칠때면 언니는 어떻게하나요?
434,203,아니면 지치지 않는 방법이 있나요?
435,203,??
436,204,언니는 무엇을 결정해야하는 순간이 온다면 결정에 있어서 제일 크게 작용하는 요인은 무엇인가요?
437,205,옷 코디 하실때 참고하는 분이 있을까요?
438,205,항상 옷을 너무 잘 입으세요
439,205,??
440,206,언니는 사회생활 초기때 힘들었던 경험이나 그때 어떻게 대처했는지..
441,206,그때 과거의 나에게 지금의 내가 해주고 싶은 말이 궁금해용?
442,207,성공하는 한얘슬님만의 비법은 무엇인가요?
443,208,(연예인의 숨겨진 비밀) 일반인들이 알기 어려운 얘기들이요!!!
444,208,"샅샅이!!! 
(ps.연예인들 숨쉬는것도 신기해 하구 뭔가 있음(?) 
신기하고 재밌어용...ㅎㅋㅋㅋ??)"
445,209,"왜케다들우울증 어떡해견디냐는댓글..
보기만해도우리사회가정말 아프단생각이들어서 너무속상타ㅠㅠ모든이들이 다행복해지는날이왔으면!

그래서언니.."
446,209,슬럼프어떡해이겨내나요ㅎㅎ
447,209,?????
448,210,"1.내가 가치 있다고 느낀 순간?
2.일반인으로 살아보고 싶은 적이 있나요?"
449,210,있다면 언제 그런 마음이 생겼나요?
450,210,"3.뱀파이어가 될 수 있지만 현생의 모든 것을 포기해야하는 조건vs한예슬로 살기
4.기분전환 확 되는 음식?
5.사람이 너무 얄밉거나 재수 없을 때
6.이건 정말 자신있게 내세울 수 있는 한예슬의 장점
7.최악의 연애 경험(사람이름보다 상황이나 썰이 궁금해요"
451,210,"??!)
8.얼굴 맛집 채널 ㅇㅈ하십니까?"
452,210,(전 맛집만 다녀서???♥)
453,211,연예인 중 이상형과 가장 가까운 사람은 누구에요??
454,211,외모 성격 각각 얘기해주시면 감사하겠슴니다
455,212,"본인을 가장 잘 설명할 수 있을것같은 색,물건,동물 등은 ??"
456,213,언니가 잘 읽고 좋아하는 책 추천이요 ;)
457,214,"저 논스톱때부터 언니 좋아했는데 그때 언니랑 커플링 이 봉태규, 앤디, 현빈 이렇게 있었는데 그때 인터넷에서 파 나눠가지고 엄청 싸웠거든요 ㅋㅋㅋ"
458,214,막상 언니는 누구랑 극 중에서 커플이 됐으면 좋겠다고 생각했나요?
459,215,언니가 가장 좋아하는 화장품 브랜드!!
460,216,언니에게서벽이느껴져요........
461,216,"완벽!!!!!!!!!!!!!!!!!!ㅋㅋ
너무저의롤모델입니댱♥ㅋㅋ
예슬언니ㅋ저는오지도않은일을미리걱정부터하는걱정인형인데ㅠ어떻게하면언니처럼긍정적으로밝게살수있을까요?ㅋ"
462,216,걱정을날려버리는언니만에방법이있다면알려주세용~ㅋㅋㅋㅋ
463,217,"본인에게 있는 외모 컴플렉스는?
그 컴플렉스를 보완하기 위해 하는 노력은 뭐가 있는 지 궁금해요!"
464,217,저는 워낙에 외모에 자신감이 없어서 언니 말 듣고 응원받고 싶어요.
465,218,언니를 보면 한 번도 스스로가 마음에 들지 않았던 순간이 없었을 것 같아요.!
466,218,그만큼 너무 완벽한 사람인 것 같아서요.
467,218,내면도 외면도 완벽해 보여서요.!
468,218,"혹시 스스로가 마음에 들지 않을 때는
어떻게 그 부분을 풀어나가는지 궁금해요.!"
469,218,"해소하는 방법이나, 그런 나 스스로가 마음에 들지 않는 부정적인 생각이 나를 갉아 먹을 때 마다 어떻게 그걸 떨쳐내려고 하시는지 궁금해요.!"
470,218,????
471,219,"진짜 진짜 궁금한건데요...



















."
472,219,예쁘면 무슨기분이예요??
473,219,진짜 저랑 차원이 다르게 너무 이쁘셔서 진짜 진짜 궁금해요ㅠㅠ
474,219,그건그렇고 진짜 사랑해욧????
475,220,Did you are a good friend of Jun ji hyun and can I see some pics of you and Jun ji hyun please
476,221,가장 귀중하고 소중하게 생각하는 단어는 무엇인지 궁금해요!
477,221,???????? 한단어로요!
478,222,해보고 싶은 영화나 드라마 장르 있으세요?
479,222,공포나 워맨스나 그런 거요!
480,222,그리고 제일 재미있게 본 한국 드라마도 궁금해요
481,222,??????
482,223,질문 생각은 안나지만 언니 사랑해요
483,223,????
484,224,평소에 가장 즐겨입는 옷들!! 소개부탁드려요ㅎㅎ
485,225,항상 제가 못나보이고 매력 없는 사람으로 보여서 자존감이 항상 떨어져요 ㅠㅠ
486,225,이럴때는 어떻게 해야 할까요 ??
487,226,언니..
488,226,예뻐서 힘든 점 있었어요?
489,226,레벨이 다르게 예뻐서 그런 것도 없나....  ?
490,227,가벼운 질문도 괜찮나요..
491,227,언니만의 '여름엔 이걸 꼭 먹어야한다!' 하는 음식이 있나요?
492,227,저는 밀면 좋아해서 한달에 3-4번은 먹는 것 같아요!
493,227,><
494,228,"1. 언니의 롤모델이 있다면???!!!
2. 언니의 꿈은 무엇인지?!!"
495,228,(직업적인 것 보다도 이루고 싶은 가치같은 게 궁금합니다!)
496,229,언니 사랑해요
497,229,??
498,230,"20대때 한 일중 가장 잘했다고 생각하는 일 , 20대들에게 아 이거는 꼭 해봐라 라고 권해주고싶은 일이 있다면 무엇인가요??"
499,231,와 진짜 너무 예뻐요 ㅠ........
500,232,예슬언니만의 특별한 루틴이 있는지 궁금해요!
501,232,아침에 일어나서 이건 꼭 한다 또는 자기전에 이건 꼭 한다 이런거요~~!! 영상 넘 잘 보고 있어요
502,232,??
503,233,언니가 가끔 인스타에 노래 올려주는거 너무너무 좋아요
504,233,??뭔가 분위기 같은게 느껴져요ㅎㅎ
505,233,언니가 주로 듣는 음악이 궁금해요
506,233,?글구 요즘 한창 트롯트가 대세이던데 언니도 트롯트를 가끔?? 듣는지도 궁금해요
507,233,"만약에 언니 목소리로 트롯트 들으면
옥구슬에 쟁반 굴러가듯이 너무너무  간드러져서 저 죽을꺼 같아여ㅋㅋㅋ"
508,234,온니가 가장 좋아하는음식 & 자주가는카페 브랜드는 머에요!?
509,234,궁금합니댱 ㅜ.ㅜ ????
510,235,지그재그에 쓰인 사진!! 다 알지알지!
511,235,예슬 언니 어디가면 볼 수 있나..?
512,236,언니는 일반인 친구들이 있나요???
513,236,있다면 그 친구들을 만나면 친구가 힘든일이 있을 때 어떻게 위로해주는 편인가요???
514,237,"언니처럼 매력있는 사람 되는 방법~!~!~~~~
그리구 소심하고 하고싶은말도 못하는데 언니처럼 당당하고 할 말 다 하는 사람이 되는 조언..?해쥬세여"
515,238,언니 지금은 사랑하는 사람이 없어서 심심하다고 했잖아요.
516,238,사랑하는 사람을 찾기위해서 하는 노력이 있으면 알려줘요ㅠ
517,238,아니면 심심한 시간을 알차게 보내는 방법!
518,239,"언니는 패션제품 (의상 소품 등)을 기억할 수 없을만큼 많이 갖고 있을것 같은데, 그래도 새로운 제품을 구매할 때 기존 갖고있는 제품들과의 조화를 생각하며 쇼핑하나요??"
519,239,"??
아님 그냥 그때그때 필 꽂히는대로?? ??
언니의 쇼핑 노하우와 성공률이 궁금해요!"
520,240,일본에서 팬미팅같은거 하실 생각은 없나요
521,240,????? 언니처럼 예쁘게 즐겁게 나이 먹고 싶은 25살 팬입니다 ㅎㅎㅎ
522,240,항상 응원해요
523,240,화이팅????
524,241,다른 누군가로 살아보고싶다 라고 생각한적있나요?
525,241,있으면 누군지 궁금하네요
526,242,헤어라인 관리 어떻게 하시나용??? 완전 궁금해요
527,242,??
528,243,언니의 롤모델이나 우상이 되는 사람이 누군지 궁금해요!
529,244,어딜가나 호의와 호감이 함께 하시겠지만 가끔 있는 나에게 호의적이지않거나 부정적인 사람을 대하는 예슬언니만의 기술이 궁금해요
530,245,언니가 생각하시는 나 자신을 사랑하는 방법이 어떤게 있을까요~?
531,246,무인도 갈 때 가지고 갈 세 가지!!!!
532,247,나는 열심히살았는데 이룬게 없고 결과가 눈에 나오지 않을때 그래서 너무 공허하고 외로울 때 그 시간을 버티지 못하겠을때 어떻게 이겨내시는지 너무 궁금해요
533,248,일적인부분애서 실수를했을때 오는 자괴감에 잘 빠지는것같아요
534,248,예슬 누나는 이런적 없으시나요?
535,249,언니는 예전 논스톱 영상을 보면서 즐기실 수 있나요??
536,249,?????? 제가 볼땐 그때도 지금도 꿀귀인데ㅠㅠㅠ
537,250,"상처받는것에 미리 두려워하지 않는 
언니만의 방법이 있을까요?.."
538,251,뒷북일지도 모르겠지만 언니의 mbti 궁금해욤!
539,252,누님도 우울한날이 있으실텐데 우울할때는 어떻게 하시나요?
540,253,평생 한 가지 과일만 먹고 살아야 한다면 ?!?
541,254,언니 저 20대 후반인데 넘무 늙기시러용 ㅠㅠ안늙는 팁좀 주세용
542,255,언니의 취미생활이 궁금해요!!
543,256,시험 기간이라 너무 힘든데 하루하루 살아가는 원동력을 모르겠어요
544,256,매일매일 새롭게 보내거나 알차게 보내는 꿀팁 알려주세요
545,256,??
546,257,한 가지 직업을 같은 직장에서 쭉 이어나가고 있는데 너무 지치고 힘들더라구요...
547,257,그런데 막상 새로운 곳에 가면 내가 잘 할 수 있을까?
548,257,내가 빨리 적응 할 수 있을까? 라는 고민이 너무 많아서 새로운 것에 시도 조차 못하고 두려워하는 요즘이라서...
549,257,언니는 새로운걸 시도 할 때 어떤가요??
550,258,저번에 연애를 쉬고 계셔서 삶이 조금 심심하다고 하셨는데 그럴땐 뭘 하면서 극복하시나요?
551,258,저도 연애에서 큰 행복을 느끼는 편이라 혼자서는 뭘 해도 그만큼 행복하지 않은 것 같아요
552,259,언니는 어떻게 해서 이뻐졌어요??
553,259,볼 때 마다 느껴요
554,259,♡
555,260,언니는 자존감을 어떻게 지키고 슬럼프를 어떻게 극복하시는지 궁금합니다.
556,260,요즘같이 코로나로 집에만있으니 생각이 많아져서요ㅠㅠ
557,261,언니ㅠ사랑스러븐 언니와 결혼하려면 어떻게 해야하나요?
558,261,????
559,262,"1.외모의 컴플렉스는? 성형하고싶은곳
2.곧 결혼할 완벽한남자가 결혼후엔 연예인직업을 하지말아달라고 부탁한다면?(사업은가능ㅎ)
3.지금너무이뿌지만?할머니가 돼면 어떤스타일로 꾸미실거에요? ㅎ"
560,263,사랑합니다
561,263,예슬누나~~??????????
562,264,언니는 돈과 행복이 어느정도 연관이있다고 생각하시나요?
563,264,"저는 아리아나그란데 7rings중에
"""" Whoever said money
can't solve your problems
Must not have had enough
money to solve 'em"""" 이가사가 제 얘기같아서 돈을모으는데 집착하는편인데  언니는 돈을 어떻게 생각하는지 궁금해요??"
564,265,인생에서 가장 중요한 거 꼭 해야 하는 게 뭔지 궁금합니다
565,266,인간관계나 직업 등 넘지 못할 벽을 만난 것 같을 때 어떻게 넘기셨는지 궁금해요..
566,267,예슬언니 2년전이네요
567,267,비행기에서 만나서 너무 좋았어요 ㅠㅠ
568,267,항상 행복하세요!
569,267,응원할게요
570,268,언니 사랑을하게되면 엄청난 사랑꾼이 되시잖아요
571,268,요즘은 연애 안하시는것같은데 왜인지 알수있을까요?
572,268,저는 이별한지 이년이넘었는데 외로움보단 이젠 혼자가 편하고 익숙해진것같아서 괜찮은 사람을 만나도 연애를 못할것같아요ㅠ
573,268,연애안해도 괜찮겠죠..?
574,269,언니??뱀파이어를 좋아한다고 하셨는데(사실 저두요??)영화 트와일라잇처럼 뱀파이어가 된다면 언니가 갖고 싶은 초능력이 뭐에요?
575,270,행복이란~ 생활하면서 느끼는 사소한 것에서 찾을려고하는 타입이에요~
576,270,예슬누나는 평소에 어떨때 행복하다고 느끼나요??
577,271,언니만의 여름 피부관리 여름루틴 알려주세요~
578,271,??
579,272,어쩜 이렇게 이쁘세요 . .
580,272,비결 궁금합니다
581,272,??
582,273,안녕하세요
583,273,예슬언니!
584,273,언니 유튜브 영상은 항상 긍정적인 기운?이 있어서 소소한 행복을 받고있습니다 ㅠㅠ
585,273,"26살이라는 나이, 아무것도 이룬게 없다는 갑자기 든 생각에.. 인생의 허무함을 느껴 어제 참다참다 엉엉 소리내서 울고 말았어요.. .."
586,273,"평소에 제 나름 자격증도 하나하나씩 따고, 열심히 공부하며, 제 본분을 다하려고 노력아닌 노력을 했왔는데,, 
갑자기 저의 모든 것이 부정당함과 물거품이 되버린 느낌이 들어요."
587,273,나이에 비해 이뤄놓은게 없는 것 같은 이 감정이 공포스럽네요..
588,273,감정보단 이성적으로 더 노력하고 싶은데...감정을 억누르고 지금 현실에 집중하려면 어떻게 해야할까요? ㅠㅠ
589,274,어릴적 꿈은 뭐였나요?
590,274,연예인 외에도 하고 싶은게 있다면 어떤게 있을까요?
591,275,언니가 자주 보는 유튜브 채널!!♥
592,276,언니는 이쁜데 본인이 생각해도 만족하는 얼굴인지 주변 여자 연예인 보면서 부럽다고 생각한 사람이 있는지 궁금해요!
593,277,돈이 많으셔서 로망으로 해외에서 주택짓고 살면되는데 왜 계속 한국에 정착하신지 궁금해용!
594,278,2007년 김미려님이랑 사진찍을때 옆에 김태희님있어서 같이 찍자고한것 맞나요?
595,278,(농담)ㅋㅋㅋㅋㅋ(라스때 김미려님 나온 회차중 너무웃겼어서  혹시나 기억하시나해서 궁금해서 질문드려요)
596,279,언니도 무기력에 빠질 때가 있었나요?
597,279,?? 그럴 땐 어떻게 하셨나요?
598,280,유튜브나 배우일하면서 좋든싫든 댓글들 보게되잖아요
599,280,수많은댓글중 언니맘에 쏙든 위로된 댓글내용은무엇인가요?
600,281,언니 헤어진 후 시간이 지났어도 생각나는거 정상인가요?
601,281,요새 시기가 시기인지 너무 외롭고 많이 생각나서 함들어여 ㅠㅠㅠ
602,282,결혼에 대한 생각이 궁금합니다
603,283,진짜 별거 아닌데 볼때마다 궁금했어요!
604,283,저번 QnA영상에도 나오는데 선반에 있는 나란히 줄 서있는 쇼핑백 친구들이 궁금해요ㅎㅎ
605,283,그냥 단순히 인테리어용인지.
606,283,쇼핑백 안에 뭐가 들었는지.
607,283,언니 매력이 거기 하나씩 들어있나 혹시???  그거 볼때마다 궁금함+쇼핑하러 가고싶은 마음 생겨요!
608,284,결혼에대한 로망있으신가요
609,284,??
610,285,배우라는 직업을 추천하고 싶으신지 어떻게 생각하시는지 궁금해요
611,286,"많은 사람들이 부러워 하는 ""연예인이라는 삶""에 대해 궁금해요."
612,286,"직장인들은 일하는 시간이 확싫이 정해져 있는데 언니는 일년 내내 스케줄이 정해져 있는건지, 매일매일 일이 있는건지에 대한 거요!"
613,287,언니낳은 이쁜딸이 보고싶지는 않은지 노산이 걱정되진 않나요??
614,288,연예인이고 화려한외모때문에 관심을 받는게 불편할때가 있으신가요
615,288,사람들 시선때문에 눈치를 봐야하고 마음대로 행동할수없는점이나 모르는사람들한테 항상 평가받는것들이요
616,289,많이 사랑했지만 헤어진 남자친구에 대한 감정을 현재 어떻게 받아들이고 계신가요?
617,289,"저번 큐앤에이 때 전남자친구가 가장 기억에 남는 사람이라고 하셔서 공감이 되었거든요,,"
618,290,이뻐요~♡
619,291,언니 퍼스널컬러요!!!
620,291,키몸무게요!!
621,292,첫사랑 얘기 해주세요~
622,292,><
623,293,언니!!
624,293,"언니는 유럽에도 다니고 미국에 친구도있는것 같고 글로벌하게 친구들이 있는것 같은데, 이게 미국과 한국만 오가도 그게 가능한거에요??"
625,293,글로벌한 친구들이 있을만한 계기가 있을 것 같은데 그게 넘넘 궁금해요
626,293,그냥 언니가 매력이 많아서 그런가? ㅎㅎ
627,294,언니 사진 너무 이뻐요...
628,294,왜케 이쁜거에여
629,295,언니는 인데 돈도 명예도 다 가지셧는데 인제 뭐가 언니한테 행복감을 주시나요
630,296,한예슬 화이팅! 한예슬씨에게 짜장면이란?
631,297,언니 미드 즐겨보는거 있나용!!!! 그리고 이런 미드에 주연으로 작품을 찍고싶다~~
632,297,이런게 있나용??
633,298,언니는 집에서 뭐하면서 보내세요???
634,298,그리고 취미가 있다면 뭐에요????
635,298,헤헿 항상 너무 잘 보고 있어요
636,298,?? 언니가 웃은걸보면 저도 막 기분이 좋아져요!!
637,298,해피바이러스 언니 언제나 행복하고 건강하세요
638,298,????
639,299,언니 버킷리스트 궁금해요!!
640,300,"집 근처(굳이 근처 아니더라도) 자주가는 식당의 최애 메뉴!!
언니가 봐도 이 사람은 진짜 진국이다 싶었던 연예인!!
광고 제의를 수락하는 기준!! 궁금해용~~♡"
641,301,"언니의 플레이리스트가 궁금해여
그리고 언니도 부러운사람이있나요?"
642,302,언니가 제일 이쁜인데 왜 우리보고 이쁜이라고 해용? ????? 이쁜이라는 말을 듣는순간 누군가에게 사랑받는 기분이라 너무 조아요
643,302,?????
644,303,언니의 mbti도 궁금해요!
645,304,언니 꼭 꿈이 있어야할까요?
646,304,저는 하고싶은것도 잘하는 것도 없는게 고민이예요 ㅠㅠㅠ
647,305,인생에서 이 길이 나의 길이 아니라고 생각햐서 방황했던 적이 있으셨나요
648,306,살아 가시면서 가장 크게 잃은게 있을까요?
649,306,항상 얻은 것들만 있지는 않은거 같아서요
650,306,??
651,307,화를 다스리는 법이 너무 궁금해요
652,307,화가 났을 때 살아가면서 이게 정말 많이 일어나는데 이걸 잘 대처하고 사는게 성공하는 것 같아요
653,307,이 부분에 대해 알려주실 수 있으세요?
654,308,매트(Matt) 아니면 글로스(Gloss) 둘 중 하나 선택한다면?
655,309,"한예슬에게 논스톱이란?
지금 현재 절대 멈추고 싶지않은 일이 있다면?"
656,310,언니가 생각하시기에 언니의 이미지와 제일 잘 맞는 브랜드는 뭐라고 생각하세요??
657,310,궁금해요 ㅎㅎㅎ
658,311,언니의 인생에서 가장 행복했던 순간이 궁금합니다!
659,312,현재 언니가 제일 가고 싶은 여행지는?
660,313,언니는 짝사랑 해보신 적 있나요??
661,313,있으시면 아떻게 해야 그 분이 언니한테 호감을 가지게 만드셨나요??
662,313,언니 사랑해요
663,313,♥♥
664,314,저는 한예슬 언니 찐팬입니다...ㅠㅠ
665,314,"넘 예뻐여ㅠㅠ
저는 지금 인생에서 너무 힘든시기 입니다..."
666,314,자존감이 많이 떨어지고 낯을 많이 가립니다
667,314,그래서 취직을 하여도 정말 사람들과 친해지는게 너무 힘들고 그리고 그사람들이 저를 볼 때 안좋게 생각하면 어쩌지 너무 자신감도 많이 없어지고 그렇다고해서 제가 예쁜얼굴도 아니기에 자존감이 많이 떨어집니다...
668,314,그래서 취업을 해야하는데 취업에 대한 두려움...압박ㅠ이게 너무 심합니다 ㅜㅜ
669,314,자존감 듬뿍 갖기 위해서는 어떻게 마음가짐 잡나요
670,314,또 사람들의 낯을 안가릴려면 어떻게 할까요....
671,314,저는 이게 지금 현재로써 최대고민입니다ㅠㅠ
672,315,언닌 뭘 먹고 그렇게 예쁜건가요?ㅠㅠㅜ
673,315,그리고 언니의 MBTI 결과가 궁금해요!!ㅋㅋ.
674,315,또 제 자신의 부족한 부분을 저 스스로가 도저히 끌어안을 수 없는데 그걸 고치려는 노력조자 하지 않는 제 자신이 싫어요.
675,315,어떻게하면 제 자신을 조금 더 좋아할 수 있을까요?
676,316,"1)가장 싫어하는  음식
2) 공짜로 준다면 갖고싶은 자동차
3) 다시 태어나도 여자로 태어나고 싶은지 그 이유등이 궁금합니다."
677,317,질문할게없어요
678,317,그냥 예슬 언니가 좋아요!!
679,318,폭식한 다음에 식단관리 어떻게 하시는지 궁금해요~~
680,318,완벽한 이쁜 몸매를 가지신분은 어떻게 관리하시는지 배우고싶어요~!
681,319,"예슬누나가 생각하는 놓지면 안되는 친구, 지인들은? 
그리고 그 이유는 무엇인지 궁금합니다!ㅎㅎㅎ"
682,320,언니 mbti검사 결과 궁금해요~
683,320,https://www.16personalities.com/ko/무료-성격-유형-검사     <-여기서 해주세용♡
684,321,어쩜그렇게예쁘고밝아요?ㅜ
685,321,힘들때나우울함을느낄때도있으신가요?
686,321,통통튀는매력저도갖고싶어요.ㅜ
687,321,다시태어나야겠죠?ㅎ
688,322,"하고자 하는일에 열정이 식었을때.
그러면서도 다른일에 눈이 갈때.
당장 해야할것은 예전부터 꿈꿔온 꿈인데
몇년동안 그것만 바라보다보니 이젠 지쳐요
체력도 안되고.."
689,322,다른일에 눈이 가는데 이건 완전 다른분야라 하나만 보고왔던 저한텐 두렵네요
690,322,이래본적 있으신가요?
691,322,어떻게 헤쳐 가야할까요?
692,323,"만약에 십대로 다시 돌아간다면
하고싶은 일이 있나요?"
693,324,언니랑 려원언니의 케미가 그리운데 다시 볼 수 없나요?
694,324,"두 분다 너무 좋아서
그리워요"
695,325,티없이 밝을 수 있는 비결! 궁금해요
696,325,??
697,326,언니 이름 한예슬이고 또 다른 이름 있죠..?
698,326,한예술
699,327,요즘 가장 즐겨듣는 노래 3곡! 추천해주세요
700,328,"동료배우들중 젤자주연락하고 자주만나고 인생의터닝포인트가되어준,인생의즐거움을주는 동료배우는누군가요?"
701,329,데일리 운동루틴이나 다이어트 법 궁금해용 ㅠㅠ
702,330,언니가 만났던 최악의 남자 유형. 혹은 최악이라 생각하는점
703,331,1. 더 이상 인연을 이어가고 싶지 않은 친구가 있어요
704,331,그런데 그 친구가 제 생일 때 저는 갖고 싶다고 말하지도 않은 고가의 선물을 줘버렸어요
705,331,그 친구로 인해 스트레스만 받는데 어떡해야 할까요...
706,331,(그 친구는 제가 이런지 몰라요!)
707,331,언니는 친구 관계를 어떤 식으로 유지하시나요?!
708,331,2. 대학생인데 성적이나 동아리 같은 거에서 자꾸 제가 제일 잘해야 할 것만 같은 생각이 들어요
709,331,성적은 그렇다 쳐도 동아리 같은 경우엔 즐겨야 하는데 제가 원하는만큼의 성과가 안 나오면 자꾸 자책하고 화나고 스트레스 받아요
710,331,그런데 멈출 수가 없어요 ㅠㅠㅠ
711,331,언니는 어떻게 즐겁고 재미있게 경쟁(?)하나요
712,331,어떻게 하면 제일 잘해야 한다는 생각을 버리고 진정으로 즐길 수 있나요 ㅠㅠㅠ
713,331,언니 영상을 보면 정말 자존감이 쑥쑥 올라가요!
714,331,감사합니당 너무 예뻐요 사랑해요 ㅠㅠㅠ
715,331,??????????
716,332,예슬씨~~^^ 예슬씨의 밝고 맑...아니 이건 안어울리나.ㅋㅋ
717,332,밝고 매력적인 에너지에 항상 마음이 흐뭇해져요~~
718,332,유튜브채널이 다채로워서 좋아요.
719,332,댓글들을 보니 외로운 사람들이 많은 거 같아요.
720,332,"혼자가 아니라는 걸 알게 해주는 ""함께"", ""동행""의 채널이 되길 기도해봅니다."
721,332,예슬씨만의 스피릿이 느껴져서 좋아요.
722,332,그 원천이 우리는 알고 있겠죠!?
723,332,언제나 화이팅요~ ?? ??
724,333,연애에있어서 자존감이 낮아서 연애를 시작할 엄두가 안나요..ㅠㅠ
725,333,이럴땐 어떻게 해야할까요ㅠㅠ
726,334,20대 초반의 여동생들에게 해주고 싶은 조언이나 말 !! ????
727,335,언니 그렇게 예쁘면 거울볼때 기분이 어때요....?
728,336,이별후 극복이 안되는거 같아요
729,336,어떻게 하는게 제일 효과적일까요?
730,336,1년이 다되가네요 ..
731,336,모든걸 다 갖춘 남자를 만난 이후 다른 연이 닿아도 계속 비교 계산을 하다
732,336,제가 또 밀쳐내게 됩니다
733,337,후회나 미련을 없애버리는 예슬님만에 방법이 있나요~?!
734,338,몸매 관리는 어떻게 하시는지요?
735,338,결혼에 대한 생각은 어떠신지 궁금하네요
736,338,??
737,339,언니 퍼스널컬러 뭔지 궁금해요!!
738,340,연예인이라는 직업에대해 어떻게 생각하시는지 궁금해요!
739,340,물어본 질문일수도 있는데 다시 태어나도 연예인 하실껀가요?
740,341,누나 너무 예뻐요!
741,342,"우리엄마가 다른 연예인들 예쁘다고하는거 한번도 들은적없는데 언니 지그재그 광고하는거보고 늙지도않는다고 너무예쁘다고 했어요,,,,,,"
742,342,첨들었어요 ㅋㅋㅋㅋㅋ
743,342,누구 예쁘다고하는거 ??
744,343,연애도 일도 다잘하고싶은데..지금은 일이 더중요한것같아요
745,343,돈버는게 ㅜㅜ현실적으로 ㅎㅎ근데 이러다가 연애를 못할까봐 걱정이에요
746,343,"만날때도 없고ㅠㅠ연애,일 다 잘 할려면 ㅜㅜㅜ어떻게 해야될까요.."
747,344,"예슬언니 최애 쿠션이랑 아이라이너, 립 알고싶어요"
748,344,??????
749,345,대학교에 다니고 있는 20살 새내기입니다!
750,345,혹시 대학생 때 꼭 해봤으면 좋을 것 같은 활동 추천해주실 수 있나요 ㅎㅅㅎ?
751,345,꼭 대학생이 아니더라도 20살부터 23살 정도의 20대 초반의 시기에 꼭 하면 좋을 것들 추천해주시면 너무너무 감사할 것 같아요
752,345,♥
753,346,언니가 생각하는 가장잘어울리고 가장 이쁜 헤어스타일은뭐에욤~??
754,347,좋았던 데이트 코스 추천해주세요!!
755,347,서울이든 우리나라 어디든~~~~~~~~~
756,348,언니의 결혼관이 궁금해요.
757,348,혹시 비혼주의자이신지..
758,348,왠지 아기들은 엄청 예뻐하실 것같은데.. 언니의 가족들은 어떤 의견들이신지도요 :)
759,349,좋아하는 노래있어요??
760,349,플레이리스트 추천곡 알려주세요
761,350,언니를 보면 항상 자기 자신을 많이 아껴주고 사랑해주는 것 같아요.
762,350,저는 제 자신을 사랑해주려 해도 항상 자괴감이 들고 스스로 한심하다는 생각밖에 들지 않는데 나를 조금이라도 아껴주려면 어떻게 해야 할까요??
763,351,나이가 들면 들수록 '사랑'이라는 게 무엇인지 잘 모르겠어요.
764,351,사람마다 '사랑'의 정의가 다른데 언니는 무엇이 사랑이라고 느끼고 또 어떨때 사랑받는다고 느껴요?
765,352,What are your goals and or  dreams in this life? Have you achieved them?
766,353,저는 지금 해외에서 취직할까 말까 생각 중인데요.
767,353,언니는 해외에서 살 수 있는 기회가 있다면 기시나요??
768,354,인생에서 힘들었을때랑 힘들때 극복법이요!!
769,355,예슬이언니가 콧소리없이 얘기하면 어떤느낌인가요??
770,356,우리가 인생을 사는데 있어서 권력과 권위와 사랑과 믿음이 떨어지면 무엇으로 살아야 할까요?
771,356,자연미인~ 예슬님~
772,357,언니는 거울보면 무슨생각 드시나요..?
773,357,?? 언니 얼굴로 살면 무슨 기분일지 궁금해용ㅋㅋㅋㅋ
774,358,예슬이 언니 안녕하세요~~
775,358,"사회에 나가게 되면, 혹은 집단활동 하는 곳에 가게 되면 불가피하게 타인에게 평가를 당하는데, 타인의 평가가 칭찬이든 비난이든 휘둘리지 않는 법이 뭐가 있을까요~~?"
776,359,자신이 생각하는 자신이 가장 맘에드는점과 고치고싶은점!
777,360,내 생애 가장 로우일때 나를 일깨워준 사건이나 친구
778,361,OMG!!! I don't understand but so pretty unnie ????????????
779,362,언니!
780,362,"논스톱때부터 팬입니다^,^!"
781,362,언니로 인해 카라멜마끼아또를 마셔보게되고 신세계에 빠졌던게 엊그제 같네요
782,362,":) 지금은 공황이 와서 카페인은 완전 끊고 지내지만요, 여하튼 이런 QnA코너 만들어 주셔서 감사하구 늘 어여쁜 모습과 힘이 되어주는 말들로 위안 받으며 회사 생활 열심히 하고 있어요!"
783,362,저는 지금 제가 하는 디자인 일이 적성에 맞지 않는 것 같은데 나이도 있고 지금 무언가를 새로이 시작하기엔 힘들고 자본도 없고 건강도 안 좋다보니 꾹꾹 참으며 일하고 있어요!
784,362,이럴때 힘이 될만한 무언가가 있을까요?
785,362,언니 늘 뒤에서 응원하고 있어요!
786,362,쪽 늘 감사해요
787,362,<3
788,363,자존감을 높이려고 하다
789,363,보니 자존심이랑 자기애가 올라가요...
790,363,"요즘 가장 부러운 사람이 언니같이 자존심은 없어보이고 자존감은 높아보이는 사람인데, 저는 이도저도 못한 사람같아서 한심해요."
791,363,어떻게 해야할까요?
792,364,Q앤A 그런거 모르겠고 역시 누님 대박... 홀려서 들어왔네..
793,365,언니만의 남들이랑 비교하는 습관을 버리는 법이 있을까요??
794,365,세상에서 내가 제일 못나고 불쌍한것같고 남들은 다 행복해보여서 슬프고 우울하네요ㅠㅠㅠ
795,366,언니는 결혼 해야한다고 생각한다?
796,366,안해도된다고 생각한다?!
797,366,어떤쪽이에요
798,366,??
799,367,노래 부르는 영상 올리실 생각 있나욧??!!??! ??????????????????
800,368,언니의 작품 고르는 기준이 궁금해요!
801,368,스토리인지 캐릭터인지?!
802,368,뱀파이어 역할이라면 스토리가 별로여도 Okay...?!
803,369,사람들이 보는 본인의 이미지가 본인이 생각하기에 어떤 것 으로 생각할지 궁금해요
804,370,강남에서버스탈때마다 지그재그광고모델이 언니라는걸항상 보는데 이런유명한셀럽님이 유투브하면서 이쁜이들이랑 소통하고 일상공개하는거 넘감동이예요ㅠㅠ
805,370,나도이쁜이라는거넘행복합니당 ㅠㅜ??????언니영상마니마니올랴주세영??????????
806,371,꿈과 미래에 대한 고민이 너무 많아요
807,371,어떻게 해야지 어른이 되었을때 잘 해낼 수 있나요 ??
808,371,언니만의 마인드 궁금해요
809,372,언니 우울하고 삶에 재미가 없고 무기력할때 어떻게 극복하시나요??
810,372,넘 궁금해요!
811,372,언니가 행복을 주시는데 스스로는 어떻게 마인드 컨트롤 하시는지 넘넘!!!듣구 싶어요!!
812,372,요즘 넘 우울하네요
813,373,언니의 인생친구 베스트프렌드 소개요!
814,374,언니처럼 이뻐지는 방법이 궁금해! ??
815,375,언니 논스톱에서 처음보고 너무 예쁘고 목소리까지 너무너무 예뻐서 초등학생이던 그나이에 언니 보려고 논스톱 꼭 챙겨보고 언니노래 매일듣고 ㅋㅋ 구미호외전까지 ㅜㅜ 그시절에 언니 이야기 듣고싶어요.
816,375,타임머신타고 ㅋㅋㅋ슝슝
817,376,"아주 먼 미래의 일이지만, 언니가 노년기에 접어든다면 입고싶은 스타일이 궁금해요!"
818,377,우리나라 에서 제일좋았던 여행지!
819,378,영감이 된 책 추천 해주세요!
820,379,어디서..
821,379,무슨 소리 안들려요..?
822,379,내 심장이 뛰는 소리.
823,380,1. 예슬언니는 엄청엄청 예쁘지만 30년 넘게 같은 생김새를 매일 거울에서 봐서 질린다고 생각한적 있나요??!
824,380,제가 요즘 좀 그래서 혹시 있다면 어떻게 얼굴 권태기를 타파하셨는지 궁금해요!
825,380,2. 언니는 많은 친구가 있는데도 아직도 친구 또 사귀고 그러는게 매번 새롭고 좋나요?!
826,380,궁금해요
827,381,집착이 너무 심해요 ..
828,381,다른 건 아니고 사람한테? 그래서 넘 힘들어요
829,382,가장 기억에 남는 상대 배역이 누구에여 누나??
830,383,일반인 친구가 많으세요
831,383,아니면 연예인친구가 많으세요.
832,383,"혹시 고민을 들어주는 친구, 고민을 얘기할수 잇는 친구가 계시나요"
833,384,"언니 귀걸이도 궁금한데 피어싱,,,,너무 알고싶어요,,"
834,385,만약 내가 걸그룹이었다면 나의 포지션은??
835,386,"찐 연옌??????????????

이쁨을 다 가지다??????"
836,387,"미모(피부, 몸매 등) 관리하는데 드시는 비용..? 갠적으로 궁금해여 당욘히 9할은 타고나신거겟지만..ㅎ"
837,388,언니  왤케이뻐용 ?ㅎㅎ
838,389,제일 인상 깊었던 여행지 하나 ??? 20대에 꼭 가야할 여행지 하나 ??? 추천해주세요
839,389,여행 컨셉도 같이 추천해주세요 !
840,389,여행룩도요 ! ??
841,390,Mbti검사 해주세용!!
842,391,누나 안녕하세요
843,391,저는 몸이불편한 21살 청년 입니다
844,391,누나에게 궁금한게 있어요
845,391,가장 기억에남는 작품은 무엇인가요?
846,391,누나는 화가나면 스트레스를 어떡해 푸시나요?
847,392,손예진 배우님과 기싸움 영상 그거 진짜에요 ?
848,393,앞으로나 다음 작품에서 해보고 싶은 장르나 역할있나요??
849,394,언니 첫사랑 얘기해주세요 ~~~~~~~~
850,394,*
851,395,다 가진 것 같은 언닌데 언니도 부러운 사람이 있나요?
852,396,언니의 mbti가 궁금해요!
853,397,누나도 남자 많이 밝히나요? ㅎㅎ
854,397,제일 궁금하네요ㅋ
855,398,예슬언니는 넷플릭스 보나요??
856,398,본다면 언니가 추천하는 넷플릭스 TOP5 영상 보고싶어요
857,398,?????
858,399,예슬 언니는 전생에 한성격하는 고양이가 분명함. 그래서 뮤지컬 캣츠를 보면 그렇게 와닿음.
859,400,열심히 사는게 좋은 걸까요?
860,400,"항상 아등바등 힘들게 산다는 얘기를 들어와서 정말 친구들 말처럼 인생을 즐기며 살아야 될지, 미래를 위해 지금 좀 더 힘든 삶을 살아야 할지 계속 고민이 되는것 같아요ㅠ"
861,401,언니 전생에 뭐하셨나요?
862,401,기억나면 꼭 좀 알려주세요
863,401,이번생 열심히 살아서 다음생에 언니처럼 태어나보게요ㅠㅠ
864,402,"아니
왜이렇게 예쁘세요"
865,402,"거울보는것 솔직히
실증 날때 되셨죠?"
866,403,예슬님이 생각하는 인생에서 제일 부질없다고 느낀 것이 뭔가요??
867,404,What is like to be a celebrity in Korea? What do you like the most? What do you hope to change for better?
868,405,언니처럼 살고싶어영~
869,406,드라마 계획은 없어요??
870,406,매력 쩌는 역할로 언넝 캄백~~~ 해줘요
871,407,내가 지금 잘하고 있는건지 의문이 들때는 어떻게 하시나요?
872,408,언니가 만나봤던 사람중에 제일 잘생긴사람과 이쁜사람이요!!!!!!
873,408,언니기준이 궁금해용
874,409,Q: 언니는 연예인 안했으면 뭐했을것 같아요??
875,410,8년연애가 끝났어요..
876,410,위로가 필요해요..
877,411,인생에서 가장 중요하게 생각하는것...??!!!
878,412,영화나 드라마에서 탐났던 배역이 있나요??
879,413,언니는 신경안정제 먹으신적 있나요?
880,413,처음엔 불안해서 먹기 시작했는데 끊기가 힘들어질까봐 걱정돼요ㅜ
881,414,예슬 언뉘~~!! 여름 룩북 찍을 생각 없나요???
882,415,"어디가야 언니 볼 수 있어요?,,"
883,415,"요정이라 바깥활동이.어럅겟져,, 알아요,,"
884,416,예슬쌤! 쌤도 짝사랑 해보신적 있나요?
885,416,아니면 첫사랑에 대한 추억이 있나욥? 두근두근
886,417,결혼(사랑)vs일 :둘다 가질수없다면...뭘 선택할건가용??
887,418,만약에 연예인이 되지 않았더라면 희망하는 직업이 있으신가요?!
888,419,언니 밸런스게임 한번 해주세요
889,419,????????
890,420,지금의 언니가 20대의 언니에게 해주고 싶은 말은?
891,421,소녀시대 제시카씨랑은 어떻게 친해지게 되셨나요?
892,422,예슬언니 다이어트 노하우 알고싶어요
893,422,??
894,423,I wish I can read korean hahahaha
895,424,인생의 지향점이나 가장 소중한 가치가 뭔지 궁금해요!
896,424,"진로를 정할때 중요한 지표가 될수있을거같아서 친구들에게 물어보고있는데 자기계발, 좋아하는 일을 하는것, 돈, 안정성 등 사람마다 엄청 다르더라구요."
897,424,예슬 언니의 삶의 제일 중요한 가치는 무얼지 궁금해요
898,425,모르겠고 누나 사랑해♡
899,426,언니처럼 이뻐지려면 이쁜얼굴을 가지려면 어떻게 해야되나요?^^
900,426,집에 있을땐 무얼 하시나요?
901,426,혼자만의 시간은 어떻게 보내시며 알차고 의미있게 보내는 방법은 무엇이 있을까요?
902,426,언니만의 인생의 슬럼프를 극복하는 방법은 무엇인지 궁금합니다~~
903,427,예전 상실이 얼굴 이내요 넘이뽀요?????♂?
904,428,연예인을 하면서 후회가 됐던 순간이 있나요?
905,429,나를 깎아내리고 어떻게든 뭉개려고 실수도 아닌데 조그만 거라도 찾아서 실수라며 크게 부풀리는 사람은 어떻게 대처하나요?
906,430,"한예슬을 친구로  또는 지인으로 둔
사람들은 얼마나 행복하고  행운일 것이며
너무 너무 부럽더라구요~~!"
907,430,저도  한예슬같은 친구가 있음 좋겠어요!
908,430,"진짜  세상에  태양처럼 빛이 되는 존재가
되어 주세요~~^^"
909,430,"항상 건강하고 행복하고
광고복  터져서  돈도 많이 벌고  세상 좋은것
다  누리며  여왕처럼 살기 바래요~~^^♡♡"
910,431,여...ㅣ 예쁘다
911,432,제일 친한 연예인 누구신지 궁금해요!
912,432,학창시절때 공부 잘하셨는지도여
913,433,죽고싶은생각이 들때 비상탈출구는 어떻게 찾죠
914,434,사랑스럽게 사랑하는 방법이요!
915,435,언니 타투 관리 어떻게 하시는 지 궁금해요
916,435,????
917,436,여행을 많이 다녀보셨을거 같아서 코로나가 끝나고 여행가볼 해외여행지 탑3 궁금합니다~
918,437,언니의 20대의 슬럼프 경험과 그 경험을 바탕으로 취업으로 고민하고 있을 20대에게 하고싶은 말!
919,438,언니도 거울보며 어딜손봐야지 그런생각이 드나요?
920,439,"언니 최애 외모가 궁금해요,"
921,439,여덕해 보신 적 있는지도여
922,440,연애특강 피처링했을 때 어떤 생각을 하며 불렀나용?
923,441,굿밤보내세요
924,441,♡
925,442,살을 너무너무 빼고 싶은데 못빼겠어요 ㅠㅠ
926,442,의지도 약하고 진짜 작심2일인듯.. 주변에서 자꾸 뚱뚱하다고 하니 자존감도 계속 무너지고..
927,442,언니 응원한마디면 다시 새로운 기분으로 으쌰으쌰 할수 있을것 같아요!!!!!
928,443,같이 연기해보고 싶은 여/남배우 각각 한명씩 궁금해요!!
929,444,만화 표지같아요
930,444,당신 진심 만화 속 주인공..☆
931,445,예슬언니 시력이 궁금해요!!
932,446,언니..
933,446,얼굴이 그렇게 작으면 어떤느낌인가요?
934,447,다음 작품은 언제?
935,448,예슬언니의 이상형 !!??????
936,449,언니~언니의 깊은생각들을 함께 나누는 시간들이 늘어나서 정말좋아요
937,449,"??  언니도 저도 모두의 이야기들, 우리들의 질문들을 통해 깊은 마음나눔하며 삶이 풍성해지길 원해요^^"
938,449,저는요즘 최소한의 관계선에대해생각해요.
939,449,어느정도까지 봐줘야하는지 혹은 돌아서야하는지.
940,449,참어려운것같아요.
941,449,언니는 어떠신가요?
942,449,관계를 끊거나 아니면 맘에들지않더라도 관계를 유지시키는 기준이 무엇인가요?
943,449,언니의 풍부하고 독특한 삶의 방식이 궁금합니다
944,449,??
945,450,언니...
946,450,너무 일하기 싫어요....
947,450,일해야 먹고산다고 따끔하게 한마디 부탁해요
948,450,????????????
949,451,언니어렸을때 이사람 완전 예쁘다 닮고싶다
950,451,한사람 있었어요??
951,452,언니가 요즘 지내면서 가장 행복한 시간이 언제 인가요 ??
952,453,언니가 드시는 음식 최고의 조합은 무엇인가요 ?
953,454,꼭 결혼 이란걸 해야 할까요 ..
954,454,아직도 모르겠어요 .
955,455,"1. 언니의 애착유형은 뭔가용?
2. 저는 나다운게 뭔지도 모르겠고 자연스럽게 사람들을 대하는게 어려운데 언니도 그런 느낌이 들 때가 있었나요??"
956,455,3. 언니는 꿈 영어랑 한국어 중에 어떤 언어로 꾸나요??
957,455,( 두가지 언어를 다 자연스레 쓰시는 거 같아서 긍금해요!)
958,456,요즘 즐기는 취미생활 알려주세요!
959,457,정말 좋아 기분이 솜사탕같아진다 정말 ^^  이쁜이들  팬미팅은 안하나요?^^
960,458,포커페이스 하는 방법 좀 알려주세요!
961,458,저는 직장인인데 얼굴에서 항상 티나요ㅠ
962,459,자기 자신을 가꾸는 거나 자기 자신을 돋보이게 하고 있는 ? 자존감 유지하는 방법이요!
963,460,20대 친구들에게 이런건 꼭 해봐라 하는게 있나요?
964,461,언니는 사람한테 상처받은 뒤로 사람을 깊게 사귀지 못하겠던적 있으신가요?
965,461,"(그냥 친구,남자친구 등.. 모든관계의 사람포함이요!)"
966,461,이럴땐 어떻게 하셨나요?
967,462,언니의 연애사 궁굼해!!??????
968,463,내가 20대로 돌아가면 이건 꼭 하고싶다.
969,463,나잇대마다 이건 하면 좋은 경험이겠다 하는 것들 알려주세요
970,463,????
971,464,언제까지 유투버를 하실 예정인가요??
972,464,"(ex-××살까지, 연예인 은퇴할 때까지 등등)"
973,465,저시진은.. 버스안에서 본 짘젝광고랄 같은표정이랑 손짓... 갑자기 생각난 질문이요!
974,465,언니는 하루세끼 한식을 먹는다면 어떤메뉴를 드실거에여?!
975,466,언니가 연예게생활하며 아직도 기억이 생생하거나 하는 비하인드 얘기들 듣고 싶어요!
976,467,폰번호좀 알려주세요
977,468,안녕하세요..
978,468,언니 저는 연예인이 되고 싶은 초6입니다..
979,468,부모님이..넌 공부잘하니깐 이거해라고 해서..
980,468,연예인이 되고싶은꿈을 아직 말 못했는데..언니는 부모님께 애기할때 어떤 마음이었는데 너무 궁금해요..
981,468,저도..
982,468,언니같은 강심장이 되야겠죠ㅠㅠ??
983,469,언니 머릿결 관리 어떻게 하세요..
984,469,저도 염색을 좋아하고 파마를 좋아하는데 제 머리카락으로 방청소 가능할만큼 상했거든요..
985,469,연예인들 머리결 관리가 너무 궁금해요
986,470,저는 27살 여자 입니다.
987,470,"정말 바보같은 질문일수도 있지만...
나의 청춘이 얼마 남지 않았다는 생각에,
웬지 의미없이 보낸 수많은 지난 날들이 
자꾸만 후회스럽게 느껴진다면
어떤 마음가짐을 가져야할까요?"
988,470,예슬언니의 생각이 궁굼해요.
989,471,버킷리스트랑 유투브 수익금은 어떻게 사용하시는지.
990,471,다른 연옌들 처럼 기부 하실 생각은 없는지!!!!!
991,471,알고시퍼요
992,472,개명한다면 한예슬 말고 어떤 새로운 이름을 얻고 싶으신지요?
993,473,이상형은?!!!!!뭡니까~~
994,474,언니는 주변에서 자존감 떨어지는 말을 듣거나 가치를 깎아내리는 말을 들을 때 어떻게 대처해요?
995,474,열심히 살다가도 이런 말 들으면 무기력해지는데 예슬언니의 현명한 대처법이 궁금해요!
996,475,감상하는편이야~
997,476,하고싶네 진심
998,477,예슬언니!!
999,477,쉬는동안은 뭐하면서 지냈어요??
1000,478,아래로 몇살까지 가능한지 궁금합니다 고딩도 받아주시나요
1001,479,가장 마음에 드는 타투는?
1002,480,언니도 자신이 이쁘다고 생각하시죠?!!!!
1003,481,목소리가 어쩜 그렇게 매력있나요?
1004,482,진짜살면서 제일 기분나빴던적?? 궁금해요 ㅎ
1005,482,항상 웃는모습만 봐서 ㅎㅎㅎ
1006,483,피부랑 몸매관리!!!!!!
1007,484,개여신..... ㅠ??????
1008,485,언니 만약 배우가 아니었다면? 어떤 직업 또는 일을 하고 계셨을것 같아요?
1009,486,10년후 예슬언니는 어떤 꿈을 꾸고 계시는지 궁금해요
1010,487,한예슬 예쁘네요
1011,488,언니는 자존감이 떨어질 때 어떻게 하셨고 자기 자신을 사랑하기위해 무엇을하셨나요??
1012,488,"나 자신이 너무나도 미워보일 때, 다른 사람들은 너무 잘나보이는데 나만 이렇게 못난 것 같을 때 말이에요."
1013,488,이럴 때 주의 사람들을 신경쓰지않고 어떻게 하면 언니처럼 진정으로 나 자신을 사랑 할 수 있을지 궁금해요ㅜㅜㅜ
1014,489,I love you ????????
1015,490,언니는 뭔가 새로운 환경에 적응해야하는데 내가 남들에비해 더 노력해야할때 어떻게 하셨나요!
1016,490,"예를들어 미국에있다가 한국에서 생활하게 되었을 때, 연기를 시작했을때요 !"
1017,491,언니보면 짜장면 먹고싶어요
1018,491,저 정상인가요?
1019,492,언니는 왜 맨날 같은 티만 입어요?
1020,492,"??프리티 , 큐티??"
1021,493,언니가 피부에 돈써서 제일 효과 받은거 궁금해여 화장품 레이저 보톡스 기타등등....
1022,494,언니의 인생 영화 3개를 꼽자면???
1023,495,"1.연예인을 하며 얻은것 잃은것
2. If 한예슬이 연예인을 안했다면 ???!"
1024,496,근데 누나는 세리스토 대학갈 때 수학도 잘해야 되요?
1025,497,Q. 함께 작업했던 남자배우중 최고의 매너남은? 콕 찍어주세요~~
1026,498,이쁜예슬언니
1027,499,언니 길가다 언니보면 아는체 해도되요??
