댓글 내용,좋아요 수
그리고 효진언니 리즈시절 드라마? 혹은 영화보면서 반응 확인!! 이런 컨텐츠도 찍어주세요! 효진언니 부끄러워서 날뛰는 모습 보고싶어용,820
"철용오빠 어떤 스타일의 여성분을 좋아하는지 궁금합니다.
그리고 치타여사님 철용오빠 효진언니 세 분의 술먹방도 궁금해여",166
"1. 미르님은 큰누나랑 같이 살고 계신건지, 같이 살고 계시다면 어떻게 같이 살게 되셨는지
2. 장성에서는 누가 찍어주는지 (분명 화면에 가족들 다 나와있는데 도댜체 누가?? 친구분이 찍어주신다는 영상 봤는데 장성에도 같이 가시는 건가 ) 궁금합니다

미르방보는게 요즘 제 낙이에요 40만 축하드리고 재미있는 영상 감사해요!!",561
누님 저번 소개팅 후기 부탁드립니다,1.6천
"1.형부는 출연할일 없다구 하셨는데 이유가 있는건가요?
2.남매가 함께 연예계활동을 하면서의 장단점!
3.효진언니는 보통 가족과 있지 않을때 하루종일 뭐하나요..?(24시 브이로그 궁금해요:))
4.아직도 극복중인것같지만 힘든일과 우울감해소방법 궁금해요!",297
저번편에 첫째언니가 급하게 끄신 한창 어려웠을때 몇년간 서로 연락안했던 썰 궁금해요,904
"1 가족들 다 출연할때 카메라 누가 찍어주는지
2 강심장에서 미르님 여자친구 사귀면 고은아님이 헤어지라고 하신다던데 지금도 그러시나욥
3 오마이베이비 출현했을때와 지금의 고은아님과 하진이 사이
4 싸움썰
40만축하드려요??",34
"40만 축하합니다~~ 앞으로 승승장구하시구
세남매가 무척 닮았는데 과거사진(아기때부터) 궁금해요 보여주세요!!!!",96
부모님과 할머니가 생각하는 혹은 매형과 하진이가 세분을 어떻게 생각하는지 너무 궁금해요 ㅋㅋㅋㅋ,86
"1. 효진언니, 연기 복귀한다면 어떤 장르의 작품을 해보고 싶은지!
2. 철용오빠 슬럼프를 어떻게 극복했는지!  (제가 슬럼프에 빠졌는데 어떻게 극복해야할지 모르겠어요ㅠㅠ!)
3. 치타 여사님, 하진이 키우면서 가장 보람을 느끼는 순간은?
4. 하진이에게 엄마, 이모, 삼촌이란?!",443
"미르오빠가 생각하는 효진언니 신랑감!
효진언니가 생각하는 미르오빠 신부감!",81
"부모님 교육방법이 궁금해요
박경림 별밤때 푼 집안일 썰 아직도 생각난다고요ㅜ 다시 풀어줘요ㅠㅠ 무궁화줄기로 맞은거 등등...",15
"미르님 이상형 궁금ㅋㅋ
첫째 언니 결혼썰 대게많이궁금
미르님 방송하실때 짝사랑했던썰같은것도 있나요 ???누굴 보면 되게 설레였다던지
본 미르님 시점으로~연예인중객관적으로~ 누가 가장 이뻤는지 멋있었는지 잘생겼는지 top3 한번해주세요
효진언니 시점으로도요ㅡㅡㅡㅡ
ㅡㅡㅡ그리고 소소한 하루~브이로그
친구들 만나서 노는것 어떻게 노시나 궁금 
3남매 동묘쇼핑 브이로그 ~
몸빼입고~농사일돕는
그런것들도 궁금해요 
노래방은 셋분이서는  안 가시는지ㅋㅋ하루2만보걷기 한달 몸무게 변화기타등등 많이 좀 올려주세요 제발",81
집이 독특해 보여서 늘 궁금한데 집투어 부탁드립니다!!,236
하진이 아부님 이 채널의 존재를 알고 계시겠죠...? 출연은 안하더라도 이 채널 보고 뭐라하시는지 궁금해요!!!!!!!!,65
미르오빠 이상형이랑 언니들이랑 오빠  쉴때는 뭐하시는지 궁금해용! 40만축하해용 항상응원하고 잘보고있어여????,28
효진언니 일상이궁금해요+_+ 유툽안찍으실땐 뭐하구지내시는지 궁금합니다용,124
"큰누나분 결혼  일찍하신거 같은데, 결혼을 일찍해야한다는 어떤 확신이 있으셨나요?",282
"1. 효진언니 소개팅 후기
2. 효진언니 다이어트 결과,,,
3. 세 남매가 가장 크게 싸운 적 있는지
4. 유튜브 수익!",390
ㅠㅠ진짜 글에서부터 넘 착하고 겸손한 거 느껴진다..웃음도 주고 감동도 주고 진짜 볼때마다 기분 좋아지는 채널 ?? 진짜 요즘 인생의 낙이다..세상 사람들 다 방씨 일가 사람들 최고라는 것만 알아줬으면~~~,50
효진언니 요리 잘하신다고 하셨는데 [술안주만들기~~] 이런거 콘텐츠 만들어주세요!!??,40
고은아씨 그동안 감춰진 방효진의 모습을 공개하기로 결심한게 언제인지 우연히 포착(?)된건지 맘먹고 나온건지 궁금해요!,7
"1.방철용과 방효진의 과거 미르 고은아 리즈사진 대방출
2.큰언니가 보는 두동생들의 철없어보였던적은?
3.세남매의 의좋은 비결은??",4
미르오빠는 도대체 어떤 눈깔(?)을 하길래 효진언니가 눈 그렇게 뜨지 말라고 하는 것인가욬ㅋㅋㅋㅋㅋㅋㅋㅋㅋㅋ,30
주인님덜의 텐션에대해 어떻게 생각하는지 갱쥐들의 생각이 궁금해욜 왈왈????????,8
철용님 9년차 에이플러스로서 음원 내실계획은 앞으로 영원히없으신가요? ㅜ ㅠ ㅠ ...,205
철용오빠 그.... 남자답게 활동할 때 푸들머리에 안경 쓴 괴도 미르 한번만요...ㅠㅠㅠㅠㅠㅠ 에이플러스 마지막 천추의 한...,5
"매번 영상 볼 때마다 느끼는건데 이 짧은 글에서도 알 수 있듯이 미르오빠 정말 겸손하고 너무 착해요..
구독자들 댓글 하나하나 다 읽어보시고!
미르 효진 응원하는 사람들이 이렇게 많아요!
언니오빠 오래오래 영상에서 볼 수 있으면 좋겠어요??
그리고 가능하시다면 장성집 랜선집들이 괜찮을까요! 어렸을 때 추억이 많이 있을 것 같아서 너무 궁금해요!",7
"누구누구 같이사나여?
잠시쉴집포함해서 도대체 집이어디인가여..? 
조카랑같이사는집이 일반집인가요?그럼누구누구 사는건가여?",3
"하늘이, 구름이가 효진아라고 부른다고 했는데..진짜인가요? 그리고 강아지들이 어쩜 그렇게 얌전하죠? 따로 훈육법이 있는지 궁금합니다. 40만 축하드려요!",6
"방효진언니 오피스텔 룸투어 궁금해요어..
(그 이상한 티??들이 더 있나욤?)",64
누나 치아 길이 알려주세요,105
호평동 치타님 셀카 자주 찍으시는데 결과물 궁금합니다,29
"강아지들 나이 요~~
매번 출연하는데  소개 부탁드려요.. 
귀여운것들~~~♡♡",41
"40만 축하드려요 궁금한점은 그냥 뭐 혹시 그 
효진씨는 해외 장거리 연애 생각도 안하시겠죠? ㅠㅠ",5
호평동 치타 여사님의 결혼썰?? 형부에 대한 정보도요!!! 넘나 궁금ㅠㅠㅠ,348
지금도 우리 효진언니 경제적으로 어려운건지 ㅠㅠㅠㅠㅠㅠ 꽃길만 걸었으면 좋겠는데 ㅠㅠㅠㅠㅠ,8
"우왕 드디어!!!축하드려요??
질문: 1.몇년간 서로 왕래끊었던 사연(혹시 실례일까요??) 2.은아언니, 미르오빠 연애썰 3.나혼자산다 출연섭외 들어왔는지(or 출연생각 있으신지) 4.미르's 이상형",71
세분의 과거 학창시절이나 어릴때 함께 찍은 사진도 궁금해요!!,166
효선언니와 효진언니가 서로 메이크업 해주는 영상도 찍어주세요ㅠㅠㅠ,21
어머니 젊은 시절 사진 궁금해요 효진씨랑 완전 똑같을 것 같아요 ㅋㅋㅋㅋㅋㅋ,29
큰누나 연애썰이요 !!!형부와의 만남 ~~~,40
영탁님 노래에 고은아  나레이션이라고 적혀있던데 진짜 제가 아는 방효진언니인가용??,28
"하늘이랑 구름이가 삼남매(+하진이) 중에 누굴 가장 좋아하나요?
동시에 이리와~ 했을 때 누구 품에 쏙 안길지 궁금해요",96
"라이브방송은 아니더라도 술먹방 영상 찍으실 계획은 1도 없으신가요?ㅠㅠ
가끔 혼맥할때 보고싶어서요~~~~!!!",3
"효진 언니 평소에 뭐하시는지 궁금해요
그리고 형부는 언제 주무시는 건가요?
늘 삼남매가 왁자지껄할텐데 ㅋㅋㅋㅋㅋㅋ",5
미르님 집안식구들과 극으로 대조적인 강아지들편 너무 보고싶습니다 구름하늘이 스페셜만들어쥬세요!!!!!!!!!!!!!,4
"Q&A는 아니지만 효진언니 샵에서 옛날 메이크업,머리 받고 이쁜옷입은거 보고싶어요!!!!!!!!",14
다른거 필요 없고 현기증나니까 영상 좀 자주 올려줘 형,13
방효진언니 집 어케 꾸며 사는지 궁금해요 ㅋㅋㅋ 옷장이랑,32
세분의 각자 자기 옷장털기 + 서로 코디해주기 영상 보고싶어요,6
하늘이랑 구름이 진짜로 말 했나요?,97
누님들이 앰블랙 무대 리액션해주세요!!,5
효진언니랑 하진이 아직도 머리채 잡는지 궁금해요,5
작은누나 건강검진 부탁 ㅋㅋㅋ,6
두분 리즈시절의 잡지 화보 보면서 썰풀어주세요^^,17
효진언니 엊그저께 올린 소개팅 애프터 어떻게 되셨는지 궁금해요!!!,4
효선언니 저번에 화장품 엄청 많으시던데 GRWM나 화장품 소개영상 찍으실 의향 있으신지 궁금합니당????,4
"1. 그래서 하늘이구름이 아빠 데려오게 됐는지~!!!
2. 부모님은 미르방 어떻게 보고 계신지~!! 
3. 어머니 mbti는 그래서 뭐였는지!! 
4. 하진이가 생각하는 엄마, 이모, 외삼촌은 어떤 사람인지? (하진이 아직 넘 어려서 노출 많이 안되는게 나으면 안하셔도 돼요!!!!) 
5. 효진언니 그래서 술..끊었는짘ㅋㅋㅋㅋㅋㅋㅋㅋㅋ?",3
효진언니한테 사랑한다고 전해주세요ㅠㅠ,5
엠블랙 맴버들과의 콜라보로 유튜브 출연은 안하는지ㅠㅠ다들 지금의 모습 너무 사랑하지만 에이플이었던지라 가끔이라도 같이 있는 모습이 그리워요!,3
"오빠 랩하는 영상이나 음악과 관련된 활동 계획 있으신지 여쭤보고 싶어요 ㅠㅠ,, 방철용도 너무 좋지만 방미르 .. 못잃어........?_?",2
난왜 궁금한게 없지 ㅋㅋ 그냥 있는 그대로 보여줘요 너무재밋어요ㅎㅎ 응원합니다,3
"예전에 남매끼리 서로 안봤었던 이유한번 알려주세요ㅋㅋㅋㅋㅋ 
싸움얘기가 젤 궁금합니다ㅎㅎ",15
효진언니가 추천하는 술 안주!!! 궁금해요!!!,6
매형은 근엄?진중?하신분이라고 하셨는데 호평동 치티언니랑 두분이 어떻게 사랑에 빠지셨는지 러브스토리랑 부부가 평소 같이계실때 어떤 모습이실지 궁금해요ㅋㅋㅋㅋㅋ 호평동 치타언니 팬인데 언니 영상속 모습보면 진중하신분이랑 결혼하신게 매치가 안돼요ㅋㅋㅋㅋㅋㅋㅋㅋㅋㅋ 삼남매 특히 언니들 사랑해요????????,3
1층 안방 침실에 있는 빨간 스포츠카에선 누가 자나요...?,8
각자 집이 있다는데 어떻게 맨날 같이있는지요!,8
"효진언니 진짜 진심으로 술 끊으셨나요?? 저번에 끊으신다고 하셨는데,,",3
서로 옛날방송보면서 리액션해주세요ㅋㅋ,3
5살 효진언니 vs 효진언니 5명 선택해주세여 철용오빠ㅋㅋㅋ,2
우리덕분 아니야 누나 덕분이야,42
"효진언니 잇몸 몇 센치인지 이제 알려주세...


넘 좋은 방가네 식구들??",19
혹시 구독자 애칭 있나요?? 없다면 만드실 계획 있으신지 ㅎㅎ,3
체널이름 저번에 바꾸신다고 하셨는데 언제 바꾸실 예정인지 뭘로 바꾸실 예정인지 궁금합니다!!,56
"진짜 궁금한게 있었는데 !!! 

시골집 가면 

철용님 효진님 효선님 어머님 아버님 

다 화면에 나올때 그때는 

누가 카메라를 찍어주시나용?? 

진짜 궁금했어용",59
"세분의 궁극적인 꿈, 목표가 궁금해요!",3
효진언니도 효진언니지만 미르님은 연애 혹은 결혼은 언제쯤... 생각이신가요?????,27
소!개!팅!후!기!요!,4
"1 큰언니결혼썰ㅋㅋㅋㅋㅋㅋ당시미르소속사 사장님이란썰 맞나요ㅣㅣ?
2 둘째언니 요리메이킹ㅋㅋㅋㅋㅋ손맛좋아보여요
3 하진이시점 이모,외삼촌이란??ㅋㅋㅋㅋㅋㅋ
4 저도 궁금한 유튭수익ㄱㅋ
5 미르 가치관ㅋㅋㅋㅋㅋㅋ",0
미르가 어떤 여자친구를 만났으면하나요?,3
채널명은 계속 미르방으로 가나여??? 저번에 댓글에 한번 나온 ‘고으나 미르나’도 좋은 것 같고 세 남매 브이로그로 가면 더 잘 될 것 같아서요!!!!,1
"1 매형이 영상을 찍어주시기도 하나요?
2  강아지들은 원래 그렇게 얌전한가요?ㅋ
3 유튜브수익의 n/1하시나요?

잘보고있어여 넘 재미지고 화목하고 우애있어 보여 참 좋아여",2
엠블랙 활동하면서 그간 다 풀어서 얘기 해 줬지만 그래도 못 다한 멤버들간에나 활동하면서 있었던 에피소드 있다면? 말해주세요!??,1
은아언니 소개팅 어떻게됬나욯ㅎㅎ 너무 궁금해요!!,2
"하진이 인터뷰 제발 해주세욬ㅋㅋㅋㅋㅋㅋㅋㅋㅋㅋ 저의 질문은 
1. 요즘 제일 행복할 때는?
2. 예전처럼 썰푸는 컨텐츠? 예전같은 컨텐츠는 다시 하실 생각 없으신가요? 그것도 그리워요ㅠㅠ",0
질문은 따로 없고 진짜 3남매 지내는 모습잌ㅋㅋㅋㅋㅋㅋㅋㅋㅋㅋㅋㅋㅋㅋ아 저 진짜 몇주전부터 알게되어서 서럽습니다 진작에 알았어야했는데ㅠㅠㅠㅠㅠㅠㅠㅠ재밌게 지내시는거같아서 보기 좋아요 ㅎㅎ앞으로도 신나게 지내주세요!!,1
미르형도 사랑하고 엠블랙도 사랑해영♥ 지금도 그렇고 앞으로도 쭉 행복하셨으면 좋겠습니다 가족분들도 그렇공,1
소개팅썰 빨리좀..고은아 시집갈때 축의금 준비하고있다ㅋ,22
와우!!!! 미르님 40만 구독자 너무너무 축하드립니다?? Q&A 질문: 혹시 가족게스트 합방같은거는 안하시나요??? 저희도 3남매인데 너무 비슷해서 나중에 합방하면 재밌을 것 같아욬ㅋㅋㅋㅋㅋㅋㅋㅋㅋㅋㅋㅋ??????,1
효진언니 곧 방송하신다구 들었는데... 어떤 방송을 하시는지 너무너무 궁그매요ㅠㅠㅠ 자세하게 알려주시면 감사드립니다♡,1
"어릴때 썰이용
1. 효진언니 어릴때 학교에서 인기 많았다던 썰 구체적으로
2. 철용오빠는 어릴때 인기많은 누님 둬서 이득본거 없는지",1
집 소개 영상 찍어주세요! 집구조가 너무 궁금해용,2
"소개팅 후기영상보고 빵터졌어욬ㅋㅋㅋ 전에도 소개팅남이랑 친구되고 오신적이 많으셨나요 ㅋㅋㅋ 첨 본 남자와 헤드락이 가능하신가욬ㅋㅋㅋㅋ
+) 요즘 미르방 유튜브 보면서 힐링해욬ㅋㅋㅋ 왜 힐링되는진 모르겟는데... ㅋㅋㅋㅋㅋㅋㅋㅋㅋㅋㅋ 보면 걍 힐링..",0
"1. 세 남매가 친하게 지낼 수 있는 비결

2. 어릴 적 세 남매가 가장 크게 싸웠던 썰

3. 미르님 이상형!!

4. 협찬 받은 옷 중에 가장 마음에 들었던 옷!
40만 축하드려요!!",0
미르님 진짜 요즘 제 삶의 낙ㅠ 효진언니 너무 사랑해요ㅠㅠ 삼남매가 말투는 센데 내용들어보면 다들 서로의 자존감 지킴이인거 사랑스러워??,0
"꽃무늬 티셔츠 말고도 옷이 많다고 하셨는데, 효진언니 옷장이 궁금합니다!!! ㅋㅋㅋㅋㅋㅋ",1
"축하축하해요~~매번 재밌게 영상 잘보고있어요~^^
우선 두분다 빨리 카메라 울렁증 극복하시고 드라마나 가수의 모습으로 보고싶어요^^♡",1
예스예스예스~~~ 이런 추임새 너무 귀엽고 좋아요ㅋㅋㅋㅋㅋ 즉흥적으로 나오는건가요??? 다른것도 있으면 알려주세용ㅎㅎㅎ,0
저도 효진언니처럼 사랑하는 조카가있는데 조카와의 관계 궁금해요 저는 일단 제 조카(만2세)한테 이모 나이들면 고독사안하게 한달에 한번 전화하라고 세뇌시키고있습니다^0^,1
"하진이랑 은아언니랑 많이 싸우는지..
오마베때 하진이 잊지모태..",1
고은아님 언제까지 이렇게 귀여우실지 여쭈어봅니다. 진짜 맨날 잇몸 마르도록 함박 웃으면서 본다구요♥?,0
"ㅠㅠ 큐앤에이 해주실 때 짧게 말고 최대한 많은 질문으로 길게 해주세요. 더 오래 보고싶다구요 ㅠㅠㅠㅠ
40만 축하드려요??",0
1시간짜리 영상 만드러주세욤...그럼 너무 행복할듯 ㅎㅎㅎㅎ 부담 팍팍!! 응원합니당 ??????????,0
효진언니랑 호평동치타님 인스타에 막 댓글 달아도 돼요...? 달고 싶은데 뭔가 사적인 공간에 침투하면 불편하실까봐 항상 좋아요만 누르고 있어요....??,1
진짜 40만 축하해요!! 우연히 보게 됐다가 너무 재밌고 즐거워보여서 밤새서 영상을 다 봤습니다!! 영상 자주 올려 주시고 진짜 방가네 팬미팅 꼭 가고싶네요!!! 좋아합니다???? 방가네 화이팅 아즈아!,0
집이 너무 많아서 아직 잘 모르겠어요 ㅜㅜ 집 소개 좀 해주세요 ㅎㅎ,1
"우왕!! ㅋㅋ 먼저 40만 축하해요!!!
철용오빠, 만약 복귀하게 되면 어떤걸로 복귀작이 되었으면 좋겠나요? 가수로서의 복귀? 아님 예능인으로서의 복귀?",0
늦게알게되어서 지금 정주행 달리고 잇어요 ㅠㅠ 끜ㅋㅋㅋㅋㅋㅋ 아진짜 감사합니다  방효진팬클럽어디서 가입하면 데나요 ??이언니 매력을 그땐 미쳐알지 못햇을까 제자신을 혼구녕 내는요즘이에요 ?????? 암튼 40만구독자에 한사람이되어 기쁩니다,0
너무넘 축하드려요 ???? 사랑해요 효진언니 ♥?,1
40만 축하드려요~~~ ?????? 매번 재밌게 보고 있어요^^ 볼때마다 재밌는 가족이다... 화목한 가족이다... 형제 간 사이가 엄청 좋다... 등 여러 생각을 합니다 ㅋ,0
"역시 또 금방 40만 될 줄 알았어요 !!!!
50만도 금방이겠다 ??
무해한 컨텐츠 무한 생성 해주세용~~~
40만 추카드랴용~~~~~~
골드버튼 받으러 가즈아아아아아아아앙아ㅏ",0
"만약에 연습생 기간이 길어졌거나 엠블랙이 생각보다 유명해지지 못 했다면 프듀 같은 서바이벌 오디션에 참여 하셨을거 같아요? 
만약 참여 하셨다면 또 다른 매력을  보여주셨을거 같아서 상상만으로도 즐겁네요 ㅎㅎㅎㅎㅎ",1
"40만 축하드려요!??
방송출연 하신다고 했는데 어떤 프로그램인지 궁금해요!",0
세분 사이가 너무 좋아보이시는데 어렸을때도 그렇게 사이가 좋았나요 ??,0
"잼있는 영상 유쾌한 영상 올려주셔서 너무 감사합니다~
100만가즈아~~~♡♡♡",0
방가님들 주량이 어케 되시나요ㅋㅋ저도 한때까리하는 주량인데 궁금합니다ㅋㅋ같이 한잔하고싶어유,0
"참~~보기 좋아요ㅎㅎ
덕분에 저도 짬날때 힐링하는데요ㅎㅎ
4000만될때까지 계속ㅋ의무적으로ㅋ
올려 주세요~~♡",0
금방 100만 될듯ㅋㅋㅋㅋㅋㅋㅋㅋㅋㅋㅋㅋㅋ 한 번 보면 헤어나갈 수 가없어ㅜㅠㅠ,0
사춘기썰 궁금해요!! 모두가 예민하고 이상한 그 시기를 세분이 어떻게 보내셨을지 넘 궁금??,1
미르오빠 슬기로운 어른이생활에서 결심한것 처럼 돈관리 잘 하구 있나용?? 장가갈 돈마련 프로젝트!!,0
하진이 넘 부럽당 나두 외갓집가면 이모2명이랑 막내삼촌있는데 저렇게 노는거 옆에서 구경하면 꿀잼일 것 같아ㅋㅋㅋㅋㅋㅋㅋ,0
강심장 영상보고왔는데 혹시 그러면 은아언니 중학생때 친구분이 영상 찍어주시는건가요~~?!,0
"철용오빠 옛날에 팬카페에서 여신님들이랑 채팅 하던거 생각나요??? 100명안에 들고싶어서 엄청 대기타고 누구 한명 나오면 그 자리 들어가고싶어서 계~속 새로고침하고 그랬는데???? 그랬던 중딩이 지금은 20대중반이네요.. ㅎㅎ 힘들었던 시기 지나서 지금 너무 잘 되고 있는 모습 보니까 너무 좋아요??
??엠블랙??A+??",1
재밌어요ㅋㅋㅋ3남매 응원합니다^^♡,0
"미르방 채널 이름 ""방가네 방가방가"" 어때요?! ㅋㅋㅋㅋㅋㅋ 아니면 지금 생각하고 있는 채널명이 있을까요?ㅎㅎ 40만 너무너무 축하드립니다♡♡♡ 100만까지 갑시다!!!",0
와...ㅠㅠㅠㅠㅠㅠㅠㅠ감격스릅네여ㅠㅠㅠㅠㅠ축하해유 증말루♥♥♥,0
"기념으로 엠블랙 오예~~~오예오예에에
춤춰주세욬ㅋㅋㅋㄱㅋㅋㅋㄱ",0
효진이는 점점 어머님과  비슷해지는중 ㅋㅋㅋ,1
개인적으로 은아님께 궁금해요!! 평소에 방철용님께 음식을 잘해주시는것으로 알고있는데 제일 자신있는 음식은 무엇인가요?????? 항상 재미있게 보고있어요~~~~데헷!!!!!???,1
ㅜㅜㅜ미르방 너무 떡상하면 또 안돼앳 나만 볼거야 사실 인스타에 모두 보라고 올렸어요ㅎㅎ,0
"40만 축하드려요!!
미르오빠 누님들과 꼭 하고 싶은 것 있으실까요?
혹은 누님들 미르오빠와 이거는 죽기전에 꼭 해보고 싶다!! 이런 거 있으실까요?",0
그래서 효진언니.. 소개팅 어떻게 됐어요!!! 후기 고고씽?,0
40만 축하드려용?? 저저번 영상에서 말씀하신 효진언니 차단한 썰 너무 궁금해요 ㅠ 그리고 어릴때도 지금처럼 이랬는지도 ????,0
매번 10분의 행복 감사합니다ㅋㅋㅋㅋ,0
주 2회 꾸준히 올리시면서 구독자 뛰더니 결국!! 40만 축하드려요!! 방삼남매 보면서 매 번 깔깔 웃으며 스트레스 풉니다!! 화이팅!!!,0
"전혀 부족하지 않습니다~ 오히려 즐거운 웃음 주셔서 제가 늘 감사하네요??  100만까지 쭉 함께해요♡
궁금했던 구독자들 모두 비슷한가봐요~ 아래에 다 적혀있어서 거들지는 않겠습니다!
방가네 행복합시다!",0
효진언니소개팅후기 완전기다리는중! 진짜 방남매들이랑 같이 올나잇 알코홀 삐리뽀하믄스 놀아보고싶음ㅋㅋㅋㅋㅋㅋㅋ!!!!너무좋아!!!!,0
미르방 덕분에 우울했던기분도 웃으면서 보내용 ~~항상 감사합니당ㅎㅎ,0
"그동안 너무 열심히 봐서 궁금한게 별로 없...ㅎ
부담갖지말고 지금처럼 즐겨주세요~
응원합니다♡",0
구름하늘 편 존버합니다... 개귀엽 ㅠㅠ,0
"유튜브, SNS, 메신저 어플 제외. 세 분이 각자 어떤 어플을 가장 자주 이용하실지 궁금합니다????",0
영상에 자주 나오는 2층짜리 집 구조가 넘 궁금해요 ㅋㅋㅋㅋㄱ저번에 누님 두분이서 술드시고 계시던 그 베란다 엄청 크고 특이해서 넘 궁금합니다,0
"저 큰언니(호평동치타)님 연예사를 듣고싶어요 ㅋㅋㅋ

고은아언니 소개팅 후기요 ㅋㅋㅋㅋ궁금하당ㅎㅎㅎㅎㅎ",0
효진언니 소개팅썰 빨리여~~~~!!!????????,0
"세 분이서 어떻게 같이 살게 됐는지 궁금해요! 효진언니 오피스텔도 있다고 들었는데 주로 호평동에 있는 것 같아서요!
ㅋㅋㅋㅋㅋㅋ 그리고ㅋㅋㅋㅋ 왜 하필 호평동 “치타”가 되고 싶은지 궁금해요ㅋㅋㅋㅋㅋㅋ 원래 별명이 치타였나요??",0
부모님의 교육관이 궁금합니다! 세 분 남매를 어쩜 이리 우애 좋게 키워내셨는지 비법좀 가르쳐주세요~~ 재밌게 잘보고 있어요♡,0
치타 여사님이 효진 언니 메이크업 해주는 영상!!! 효진 언니 풀메한 모습 궁금해요 ㅜㅜ,0
어렸을때 집에서 있었던 재밌는 일화가 궁금해요 ㅋㅋㅋㅋㅋ 언니오빠네 집은 매일이 개그콘서트 였을것같아서..,0
미르방 흥해라아아아???????잘 되는 모습 보니까 너무너무 좋아요,0
"우선 구독자 40만 넘넘 축하드려요??
10만도 되기전부터 지켜봤는데 이대로라면 100만 금방이겠어요!! 몇가지 궁금한게있어용
1. 효진님 철용님이 본인을 위해 가장 비싸게 주고 산 물건은? 실물공개가능하면 더 좋아요 ㅋㅋ(저번 영상에서 치타언니가 나시11만원 자켓9만원 산거보고 너무 놀라시기에 궁금해서요)
2. 첫째 치타언니 둘째 효진님 셋째 철용님 이렇게 삼남매 정말 화목해보이고 케미도 좋은데 태어난 순서를 바꿀수 있다면 각자 입장에서 되길 바라는 순서는? (예를들면 첫째 큰오빠 철용이 둘째 치타언니 막내 효진씨 이렇게 ㅋㅋㅋ)
3.영상에선 항상 서로 험담하기 바쁜데 ㅋㅋ 그래도 40만 구독은 세 남매가 같이 이룬 성과니까 칭찬타임! 그래도 이것만은 나보다 쟤가 낫다? 하는게 있을까요 ㅋㅋㅋ
궁금한게 많은데 3가지로 추려보았어요~
답변 꼭 해주실꺼죠?;)",1
"1.붐의 천생연분 비하인드 알려주세요!


2.친한 아이돌 계신가요오?",1
바라는 점 : 집투어 ! 옷장 공개 !! ???? 항상 잘 보고있어요 ???????? 최고,0
"은아언니가 다이어트를 위해무엇을 하고있는지 ㅋㅋㅋ
큰언니의 피부관리법은 무엇인지
미르님은 맞으실때 아프진않은지 ㅋㅋㅋㅋ",0
미르오빠는 미래에 와이프가 은아언니랑 비슷한 성향을 가진 사람이라면 어떨꺼 같아요?? 완전 재밌을꺼 같아요 친구 같구 ㅎㅎ,0
"1. 가족들이 다 출연할 땐 누가 촬영을 하고 있는 건지
2. 미르님 음반 계획
3. 고은아님 연기 계획
4. 어떻게 같이 살게 된 건지
5. 하진이 인터뷰
등등...
미르님 40만 축하드려용??",0
"어우..추카합니다...영상 보다보면
운동하는게 간혹 보이는데
홈트는 어케 하는지 궁금해요~
아...효진님 소개팅은 어케 됏나요??^^♥",0
다들 무슨일하시여? 큰언니 어머님 아버님 무슨일하시나요?,1
축하해요 하지만 아직부족하다구여!! 100만가즈아~~~,0
고은아 언니가 생각하는 언니가 출연한 영화 드라마 추천!! 전 개인적으로 10억이용!!,0
혹시 실례지만..효진언니 매일 옷이 같아서.. 옷이 몇개 소장하나요? 씻긴하시는거죵ㅎㅎㅎㅎㅎㅎㅎㅎㅎㅎㅎㅎㅎㅎㅎㅎㅎㅎㅎㅎㅎ,0
셋이 다같이 깡 추는 거 보고싶어요 ㅠㅠㅠㅠ!!!!,0
효진언니 예명 고은아로 하신 이유가 뭐예여?? ??너무 잘보고 있어요 미르방채널 화이팅!!??,0
"구독하면서 너무 재밌게 보고 있어요^^~~
앞으로 백만까지 고고씽~~~",0
엠블랙 다시 활동 안하나요ㅠㅠㅠ,0
"고은아님 소개팅 후기쩜ㅜㅜ...
이건 모두에게
 소개팅이나 미팅갈때
와 이사람은 소개팅하려고 나온사람이 맞나?
하는 에피소드는없엇나요?",0
미르방!!! 40만 축하해요. 진짜 요즘 제일 챙겨보고 있어요!! ㅠㅠ짧은 거라도 뭐든 좋으니 자주 올려주세요!! 글구 요즘 점점 뭔가 애기할때 조심스럽게 한다는 느낌이랄까 ㅠ(저만 그렇게 생각하나요??ㅠ) 남매들끼리 애기하다보면 막 애기하고 그럴 수 있으니 너무 구애받지 않고 잼난 영상 마니 올려주셨으면 해요!!!!,0
"1. 첫째언니 남편(형부)는 안불편해 하시나요~? 거의 그집에 사시던데... 아니면 형부와 그정도로 엄청친해서 서로편하게 생각하시나요~?
2. 첫째님 결혼하실때 선물 주신게있다면 뭘주셧는지요
3. 구독자 이벤트 및 행사?계획 있으신가요~?",0
첫째언니 연애담~! 어떻게 결혼하시게됐는지 궁금해요!,0
미르님 앞머리 밴드 정보좀여ㅠㅠ 개떡같은 우리오빠 앞머리좀 넘겨주려고요ㅠ,0
언니 잠옷 며칠째 안빨았나여ㅋㅋㅋㅋㅋㅋ??,0
저도 감사합니다 언니들 출연시켜주셔서 히히,0
은아언니 숲속티 비슷한거라두ㅜㅜ 굿즈로 만드실 생각없으세여!!?? ㅜㅜㅜㅠㅜㅜㅜㅜㅜㅜ,0
"미르님!!! 40만 구독자 축하드려요??????
털털하고 유쾌한 매력쟁이 누나 2분이 계셔서 그러는데, 혹시 미르님은 이상형이 어떻게 되시나요? ???♂?",0
"10만 쯤 부터 구독하고 영상 본 거 같은데! 벌써 40만이라니!! 너무너무 축하드려요!~~????항상 재미있는 영상 올려주셔서 웃는 일이 더 많아졌어요!
영상 올라올 때마다 오늘은 무슨 영상일까 궁금해 미칠거같아요!ㅋㅋㅋㅋㅋㅋㅋㅋㅋㅋㅋㅋㅋ

1. 제일 궁금한 효진언니!!! 소개팅이야기!!!!
2. 예전에 채널 이름 변경의사 있다하셨는데 정하셨나요?!(+구독자 애칭도)
3. 삼남매의 주량!!
4. 유튜브 수익! 등등",0
"40만 구독 축하드려욜!!
집 구경 시켜주세요!! 베란다?가 너무넓고 복층인게 너무 신기해요!! 집 소개 부탁드려용 ㅎㅎ",0
카메라 뭐로 찍는지 너무너무 궁금해요 제발????????????,1
소개팅 후기가 너무 궁금해요ㅎㅎ 언니 정말 좋은 분 만나셨으면 좋겠어요ㅠㅠ,0
은아씨 만나보고싶어요ㅠㅠㅠ,0
"미르님 이상형..? ㅎㅎㅎㅎ 미르님이랑 
결혼해서 언니들이랑 살고싶어요 (꿈이 거창)",1
하진이와 가족들이 함께하는 쿡방 같은 하진이 콘텐츠는 만들생각이 없으신지...ㅎㅎㅎㅎㅎ 하진이 넘나리 귀여워요♡,0
수익 3분이서 어떻게 나누는지 궁금해요 항상 좋은 영상 감사합니다.??,0
(효진언니가 버릇없다는거 절대 아니구요ㅠㅠ 오해하지 마시구요진심 궁금해서요) 효진언니가 큰언니에게 장난이나 말과 행동을 지나치게 해도 버릇없다고 혼내진 않는지 궁금해요ㅋㅋㅋ아님 큰언니가 원래 서열이 낮으신건지ㅋㅋㅋㅋㅋㅋㅋㅋㅋㅋ,0
"40만이 됐는데, 호평동 치타누님과 방효진씨의 의견이 매우 궁금합니다!!!
한달말에 최애 픽!! 유튭!!!",0
그냥 사랑합니다??,0
"일단 40만 너무 너무 축하해요~~!??????
혹시 된다면  각자 젤친한 친구들한테  전화연결해서  가장기억에 남는 썰이나  흑역사하나씩  듣고싶어요~~",0
효진언니 소개팅후깈ㅋㅋㅋㅋ,0
영상보며 힐링하고있어요! 응원합니다^^,0
"효선언니!!!!! 동생이 모두 연옌 데뷔했는데 언니는 생각 없으셨나요??
언니는 정말 볼때마다 적이에요. 치명적..??",0
혹시 방효진씨 고은아로써 다시 드라마나 영화복귀 하실건가요. 그냥 굼굼합니다,0
효진언니 주활동지는 남양주집인가요 서울 오피스텔인가요?? 보통 일주일에 며칠을 나눠서 지내는지 궁금해요!!,1
"쉬운 질문일 수도 있는데..
구름이와 하늘이는 어떤 종이에요?
볼때마다 귀여움 담당에 너무 좋아요??
제 최애 견종이 된 것만 같아요??",3
다 같이 팬밑 할 생각 없어요?? 너무 하고 싶어ㅠㅠ효진언니 만나고 싶다고요ㅠㅠ,0
"세분영상보면서 웃음짓습니다
고맙습니다 
이런 채널 방송해주셔서^^
구름이 하늘이 너무 이뻐요♡
저도 와와 키우는데
동지만나서 방가워요~~^^",0
"세례명 궁금해요!
+ 제일 재미있게 본 영화도 궁금합니다
Ps. 언니가 고은아든 방효진이든 사랑합니다??",0
와~~~축하해요????????????????????????????????????????,0
"먼저 40만 구독 유튜버 진심 축하드립니다!
미르방 출연진들의 수익 지분 궁금합니다!!
그리고 강아지들 어케 키우면 저렇게 얌전한가요?? 강아지들 소개 부탁 드려요~~♡",0
"40만 축하드려요!!100만 갑시다!
철용오빠이상형...은아언니 소개팅후기요",0
축하해요♥♥♥항상 응원합니다!,0
철용오빠 이상형 알려줘요ㅠㅠㅠㅠㅠ,0
효지니 소개팅 결과 ㅋㅋㅋㅋㅋㅋㅋㅋㅋㅋㅋㅋㅋㅋㅋㅋㅋ케,0
효진언니가 좋아하는 술안주 ToP 5!! 언니가 추천하는!! 간단히 집에서 만들 수 있는 술안주 위주로 알려주세용>~</,0
"재밌어요ㅎㅎ 은아누님도, 가족모두가 시트콤같아영ㅋ",0
"40만 넘 축하드려요~^^
100만 갑시다~^^
저는 집에서 대체로 뭘하면서 지내시는지 넘 궁금하더라구요~^^",0
효진언니랑 치타언니랑 가족하고 싶은데 그러면 철용오빠랑 결혼하면 되나요!!??ㅎㅎㅎㅎㅎㅎㅎㅎㅎㅎ,0
효진언니..♡,0
"효진언니랑 술한잔하고싶어요!!
텐션이 저랑같은 텐션이라 ㅋㅋㅋㅋ",0
"1. 효진언니 소개팅 후기
2. 철용오빠의 솔로앨범 계획
3. 철용오빠의 이상형
4. 효진언니가 시도해보고 싶은 드라마나 영화 장르
5. 철용오빠 연기 도전 계획은 없는지",0
"1.어머니아버지 연상연하이신지 나이차이
2.어머니아버지 연애스토리♡♡",1
예쓰예쓰예쓰!!!!가즈아 질뮨 가즈아ㅋㅋㄱㄲ,0
효선언니 연애스토리... 풀어주세요.... ㅋㅋㅋㅋㅋㅋㅋㅋㅋㅋㅋㅋㅋㅋㅋㅋ,0
아니 진심 집구조... 넘 궁금해요.   ㅜㅜㅜ 볼때마다 신기ㅜㅜ,0
다필요없고 영상만 많이 올려주세요ㅠㅠ 진짜,0
"40만 축하드려요! 40만 기념으로 뒤풀이 영상,,,,,,,,,, 없을까요...? 저번 소박한 뒤풀이 영상 너무 아쉬워요!!!!!",0
저번에 어떤 영상에서 형부랑 큰누나랑 성격 정반대라고 하셨는데 어떤 모습에 반하셨는지!!결혼썰 궁금해요ㅎㅎ,0
"팬미팅 계획 궁금함댜ㅎㅎ
효진언니 넘나 보고픈 것ㅠ",0
"Q1: 남동생으로 사는 느낌은 어떤지?
Q2: 누나들이랑 살면서 가장 행복했던적?
Q3: 본인은 어머니 or 아버지를 더 닮았다?
Q4: 만약 나중에 결혼을 한다면 어떤 사람과 할 것 같은지?
Q5: 처음 본인의 힘으로 돈을 벌었을때 했던 것은?",0
미르오빠 아직도 팬들 증명사진 모으시나요ㅎㅎㅎ!!,0
"철용님, 효선님, 효진님 께서 인생을 살아감에 있어서 제일 중요하게 생각하시는 가치관이 뭔가용??",0
하도 미르방 채널보면서 웃으면서 잠에 드니까 미르씨랑 효진언니가 꿈에 나왔어요 ㅋㅋㅋㅋㅋㅋㅋ 아 제 꿈에서도 너무나 시트콤같이 활기차신 두분과 치타여사님 덕분에 너무 웃었답니다 ㅋㅋㅋ ㅋㅋㅋㅋㅋㅋ 구독자 100만 갑시다 ㅋㅋ,0
Congratulations???? I love your videos ??,0
효진언니는 방송을 다시 하실 생각이 있는지 복귀하실껀지 궁금해요!,0
효진님 일상이 궁금해용 ㅋㅋㅋ,0
형부는ㅋㅋ유투브보나요,0
축하축하합니다~~♡♡,0
효진언니(언니맞나..?ㅎ) 사랑해여!!!! 응원해여!!!!,0
은아언니 엄청 이뿌게 화장하고 꾸며주세요 저번에 소개팅갈때 넘이뻤어요 또보고싶어요~~??,0
효진언니가 연예인(배우)를 꿈꾸게 된 계기가 무엇인가요?!!,0
"1,옛날에 셋중에 누가 젤인기많았는지 (ex 빼빼로데이날 젤많이받은사람)      2, 미르님이랑 은아님중에 누가 먼저 결혼할것같은지. 항상 잘보고이써요 넘재미구링 ㅠㅠ????",0
진심으로 싸운적이 있는지 그리고 어떻게 풀었는지도 궁금해요!,0
"나진짜 젤궁금한거. 그래서 방효진님 소개팅 어떻게됐나요ㅋㅋㅋ 나진짜 이거 맨날맨날 너무궁금하고 그래서 후기영상 안올라오나 내가혹시 알람놓쳤나 들락날락들락날락ㅋㅋㅋㅋㅋ소개팅잘됐음좋겠는데?? 소개팅후기좀 알려줘여!!!ㅋㅋㅋㅋ
젭알??",0
효진언니 어떤 프로그램 나가는 건지 제발 알려주세요ㅠㅠ 궁금해서 미치겠어요ㅠㅠㅠㅠ 그날만 기다릴게요,0
세분의 멋진모슾 예쁜모습 보고싶어요 ㅋ,0
"효진언니가 예전모습과 현재 미르방에서 보여주시는 모습이 다른데 예잔에는 어떻게 이런 끼들을 잘 숨기실 수 있었나요??
너무 갭이 커서 저 많은 끼를 어떻게 숨기시고 활동하셨는지 너무 궁금해요ㅋㅋㅋㅋㅋ",0
"와우~~
엊그제 30만 축하한다고
했는데  벌써 40만이라니  

백만까지  쭈욱  갑시다  ㅎㅎ",0
우선 40만 구독 넘 축하드려요 ^^  저도 질문 있어요! 미르씨와 고은아씨 성장하면서 둘이 가장 크게 싸운적은 언제인가요 ? 사실 처음에는 자매도 아니고 남매끼리 너무 사이가 좋으니 아리송할때가 있었어요 ^^ 그리고 지난영상에사 가족끼리 한동안 안보고 산적이 있다고 했는데 그 이야기도 듣고 싶어요 ^^ 마지막은 미르씨 이상형이요 ^^????(이건 사심채우기) ㅋㅋㅋㅋㅋㅋㅋ 미르방 채널 영원히 흥하소서 !!!!!????????,0
매번 댓글에 하트 눌러주는 사람 누구예요??? ????,1
역시 40만 히트!! 풍악을 올려라~아~~ 정말 축하합니다~ 방씨 삼형제.. 응?! ㅋㅋㅋㅋㅋㅋㅋㅋ ^_^,0
오팬무,2
효진언니 방송 어디나오는지!!! 본방사수 할라고용 ㅋㅋㅋㅋㅋ,0
궁금한거 엄ㅅ고 그냥 사랑해요~????,0
"넘잼나요~~^^울집도딸다섯인데맥주캔이넘쳐나거든요~~효진땜시옛날효진씨영화도봤어요~~진짜술한잔~아니맥주한자하구싶네요
맥주한잔할사람들뽑아서팬미팅한번해용~~~♡♡잼나게보구있었요~~♡♡",0
"축축!!!!!!오예~~~~~
쭉쭉!!!!!!
구독자 수 늘려 봅시닷~!",0
"효진언니 술은 언제 끊을생각인지...
효진언니소개팅은 우예됐나요
치타언니 연애이야기??",0
"식구들이 영상에 다 나오면 촬영자는 누구인가요??
조카도 영상을 찍나요??
메니져가 찍는다는 얘기도 있는데 사실인가요??",0
우왕 ???? 축하드려옹 ㅎㅎ 더욱더 번창하세요 !!!,1
철용오빠!!! 저는 개인적으로 조카 하진이 영상도 너무너무 보고싶어요~~조카랑 노는 모습도 찍어주시면 좋을거같은데 혹시 출현계획이 있나요?? 그리구 엠블랙때 부터 진짜 팬이었는데 역시 유튜브로도 성공하실 줄 알았습니다!!!40만 축하드려용??,0
셋이 나오는 화면은 누가찍는지 ..제발..누가..도대체 그는 누구인지..,1
"오빠~~
지아 언니랑 부른노래
사랑을 적어요 넘 좋아용
은아 언니랑 불러주면 안 돼요?ㅠㅜ
은아 언니의 달콤한 목소리와
철용이 오빠의 멋진 중저음이 합해져
귀가 호강할 것 같아요??????",0
"축하드려요~
우울증 공황장애 잘극복하시길바래요~~",0
"저도 엠블랙에 데뷔팬으로서 
지금은 아이돌그룹을 안하고 있잖아요...ㅠㅠ
아이돌 생활 하면서 아쉬웠던 점이 있을까요?",0
효진언니 고은아 시절 찍었던 포카리 스웨트 광고 못 잊어요 진짜 청순의 극치 ㅎㅎㅎㅎ 근데 그 공 안에서 숨 쉬기 답답하지 않았나요?!,0
"형형형 두개 궁금해요
1. 효진언니 다이어트 약속? 기간 넘었는데 어떻게 되었나요
2. 다른 유튜버들이랑 콜라보 할 생각있나요",8
"와우 40만 추카추카해요??????
세분에 플레이리스트 
주로 듣는 음악이 있는지 궁금해요ㅎㅎ",0
과거영상들 리액션영상!!! 오때용,1
엠블랙활동 영상이랑 고은아님 활동영상 가족이랑 같이보고 반응이 너무 궁금해요 아버지어머니도~전 어머님도 팬입니다,0
잘하고있고말구요ㅎ 재미지게 보고있어요ㅎ 실방도 한번씩해주세요ㅎ,0
미르오빠랑 효진언니가 봤을때의 연예계쪽 아이돌들이나 배우들의 비밀(?) 이런게 있다면 듣고싶어효!,5
"형부가 궁금해요 ㅎㅎㅎ
특히 형부의 생각, 속마음...이런거요.",0
"3남매가 덕질(?)하고 있는 대상이 있다면 어떤것들이 잇는지 궁금해용! (예를들어 가수,영화,화장품,만화 등등)",0
다이어트로 50만원 내기했던 결과 궁굼합니다!,0
화이팅~~~!!!!,0
"효진언니 방효진으로 예능하실 생각은 없으신가요?
요즘 방남매 사이에서 유행하거나 인기 있는 것이 있나요(특정 제품이나 티비 방송같은거!)",0
"축하드려요!!!! 10만 달성할때부터 진짜진짜 쭉 봤었는데....!!!!! 역시 성공할줄 알았어요? 저도 구독자로써 항상 재밌는 영상 올려주셔서 감사합니다아°-°
궁금한거 딱 하나 있는데, 지금 삼남매가 가장 여행하고 싶은 나라!!! 뜬금없지만 궁금해여 (은아언니 정글 옷 보면서 언니가 그 옷 입고 정글가는 상상을 너무 자주해섴ㅋㅋㅋㅋㅋㅋ)",0
?? 채널명은 언제바꾸실 계획인지요!,1
저도 동영상 보고 즐거운 에너지를 많이 받는것 같아요 감사해요 ???,0
방효진 사랑해?,0
우와우 축하드립니다!!!ㅋㅋ 항상잘보고잇습니다,0
엠블랙때 미르오빠가 최애였는데 가수로 복귀하실 생각은 없으신지 궁금해요..!,0
"항상 유지하는 하이텐션은 어떻게 가능한가요? 제가 우울할때가 많은데, 항상 웃게 해주는 영상들 감사합니다ㅎㅎㅎ",0
100만 가장~~~~~,0
축하해요♥,0
그냥 진짜 평소 일상 브이로그 너무 궁금해요... 안웃겨도되니까 부담갖지말고 찍지마시고 소소한것들 많이좀 보여줬으면 좋겠어요.. 그냥 일어나서 하루 일상 보내는것들이요..!,0
"1. 그동안 올렸던 영상 중에 가장 맘에 들었던(재밌었던, 뿌듯했던?) 영상은?
2. 그동안 올렸던 영상 중에 딱 한개만 지울 수 있다면 무엇을 지우고 싶은지?",0
우와 축하드려요!! 100만까지 후딱 갑시다!!,0
효진언니 소개팅 어떻게 됐나요!! 계속 기다리고 있어유,0
"어머니랑같이하시는영상좀더올려주세용..ㅋㅋ
너무재밋으셔ㅋㅋㅋ",0
"샤워하는 순서 궁금합니다요
참고로 전 양치 → 머리 → 몸 → 얼굴 → 발",0
40만 누나들의 광란의 퐈리 영상 기대할게여^^,0
미르오빠 (잘생기면 다오빠) 전쟁이야 아직 가능한가요?,0
미르님 고은아님 큰언니님(?!) 축하드려요! 진짜 재미있게 보고있어요. 앞으로도 채널 더더 번창하세요 건강하시고요. 저도 지난 날들(?) 같이 보시면서 리액션하는 거 보고 싶어요. 아니면 진짜 그냥 브이로그요. 재밌고 유쾌한 영상 늘 기대할게요!!40만 축하드려요!,0
"언니들이 있어서 제일 힘이들때와 제일힘이될때요!
그리고 미르님 철용오빠가생각하는 두언니들의장점이요!",0
이제 50만가야지~,1
장성집에서 찍을때 누가찍어주시길래 그 웃긴상황에서 화면떨림하나 웃음소리하나 안내시는지 너무 궁금해요ㅎㅎ,0
효진언니 소개팅 후기 궁금해요~~,0
주량 궁금합니다!! 40만 축하해요??,0
응원합니다 ^^,0
저번 영상에서 가족들 서로 안보고 지냈다던데 괜찮으시다면 그때 썰을 좀 풀어주세요??,0
엠블랙 stay시절(?) 허리부상을 당했던 이유요!,0
세분 모두 어렸을때 별명이 방구였는지.....(이게 왜 궁금한지 모르겠지만 궁금해요)??,0
우와~ 축하드려요~^^  이대로 쭈욱~~~ 백만 가즈아!!!,0
말떨어지기가 무섭게 여기저기 질문보따리들 폭팔중ㅋㅋ ???? 근데 고은아님보다 다들 큰언니한테 더 관심이 많음 ㅋㅋㅋ,0
"재미와 감동을  주는것만으로도  큰행복입니다~
40만구독자  달성,  진심으로추카합니다!!!!!",0
예전에 가족사 올리신다고 하셨는데 언제 올리시나요?,1
"40만 축하축하♥
1.은아님 6키로 다이어트 내기하지 않으셨나요???50만원 3개월??  그거아직 안끝났나요?? ㅎㅎㅎㅎㅎㅎㅎㅎㅎ
2!그리고 은아님 요리잘하시잖아요 쿡방도한번!!!!!!! 갈치조림ㅠㅅㅠ",0
기념으로 소개팅 후기영상요ㅎㅎ,0
"소개팅후기부터 말해주세요 ㅋㅋㅋ
엄청 궁금해서 눈빠지게 기다리고 있습니당 ㅋㅋㅋㅋㅋㅋㅋ",0
구독자 40만 축하해요!!!!  앞으로도 행복한 꽃길만 걷쟈!! 방씨가족들♡♡♡,0
에피소드를 찍짜! 하고 영상키고 이야기하는 건지 아님 의식의흐름 처럼 자연스럽게 소재가 정해지는건지 궁금해요ㅋㅋ,0
집투어영상!!,0
하진이와 고은아의 관계 말해주세요!! 사이가 많이 좋아졌나요???,1
효진언니 연기 복귀한다면 어떤 캐릭터나 작품 하고싶은지 궁금쓰.. 그리고 소개팅 후기썰 풀어주세여 ㅋㅋㅋ,0
추카!!~,0
"많이많이   축하드려요~~~ㅋ앞으로 
100만까지도  쭈욱  고고행진하세요~^^",0
오아!!! 40만 축하드려요~~ 이 기세로 50만 60만 70만 80만 90만 100만을 향하자규요!!!,0
효진언니가 여태 연기 했던 배역중 가장 좋았던 배역은?????,0
깨톡 이모티콘은 계획 없나요??~ㅠㅠ  야쓰야쓰야쓰~~!!????????,0
나 고은아님때문에 구독했어요 누나 감사하다고 해요 ㅋㅋㅋㅋㅋ,0
오빠 사람 어떻게 그려요? 한번 그려주세요. 글씨체도 궁금해여 히히,0
어디가 부족할까요...? 제 사랑이요..???ㅜㅜ,0
연예인 유튜브채널 구독한거 첨이예여ㅋㅋ 소문으론 많이 들었는데 듣던것보다 더하네요...ㅋㅋㅋㅋㅋㅋㅋㅋㅋㅋㅋㅋㅋㅋ잼나게 역주행중입니다!!^^ 50만 가시져~~~??,0
효진언니 소개팅후기 궁금해요><,0
"호평동 치타언니 메이크업 , 코디영상 , 겟레이윗미 보여주시면 안되나요?!????!",0
질문은 없고 효진언니 사랑합니다??? 저의 엔돌핀이에요???,0
건강하게 행복하게~,0
음 서로 몇년동안 안봤다는데 왜 그러셨을지 궁금해용 :),0
??효진언니 소개팅후기!!!!!!!!!??,0
치타언니 연애썰도 궁금해요??????,0
40만축하해용ㅎㅎ 미르오빠는 만약에 방송복귀를하게되면 어떤방송을 하고싶은지 궁금해요ㅎㅎㅎ 다시가수를할지 아님 연기를할지ㅎㅎ,0
"코로나 끝나면 
고척돔 빌려서 세남매 팬미팅해요!
어쨌거나 인기유투버이니까~",0
전 첫째언니분 결혼 후기 점..,0
방효진님 매력에 매료돼서 헤어나오지 못합니다.. ♥,0
하늘이 구름이 스폐셜 영상 만들어주세요!! 애기덜 산책하고 간식먹고 왕왕 거리며 짖는 소리 들어보고 싶어요 ㅋㅋㅋ,0
삼남매 어머님아버지 댕댕이들 모두 응원하고 사랑합니다♡♡♡♡,0
큰언니 형부와의 러브스토리!!!!,0
40만 축하드려용 ??미리 공지해주시고 라방했음 좋겠어용 ??,0
라디오스타에서 섭외 들어왓는지 궁금해요~,0
세 남매의 태몽이 가장 궁금합니다..!!!!,0
영상 더 길게 올려주실 생각은 없는지요~ ?  미르방 영상 기다리는것도 현기증나는데 기다린것에 비해 너무 짧아서 아쉬워죽겟어요 ㅋㅋㅋㅋㅋ최소 15분컷해주세요ㅠㅠㅠㅠ,1
효진언니 리즈시절 드라마 보면서 리액션? 이런거 보고싶어요.,0
함께 사는 가족관계가 궁금합니다~,0
각자 집 룸투어 보구 싶어요~,0
팬미팅!!!!해주세요!!!젭알유ㅜ.ㅜ,0
"고배우님의 대한 선입견 같은게 있었는데
영상보고 찐팬됐어요??
다시 활동하실 생각 없으신지..
배우보단 예능 쪽으로 이런 끼를 어캐 숨기고 
연기만 하셨는지
이런 예능캐가 유튭에 있는게 완전 아까워요
40만 구독자 축하드려요 
구독안하고 봤는데 늦었지만 구독하고 갑니다",0
다시 심오한 주제로 영상 안 만드시는지 궁금해요!,0
와 40만 축하드려요~~~! 자극적이고 기분 나쁜 유머가 넘치는 유튜브에서 편안하고 즐거운 컨텐츠 만들어 주셔서 감사해요!!ㅠㅠ 지금처럼 항상 응원하고 시청하겠습니다?? 백만까지 달려달려~~~~~~~????,0
어린시절 삼남매 사진 보고싶어요~,0
"1.효진언니 방송계획있나요? 갑자기 고은아버전이 그리워졌어요
2.형부 관련 썰 궁금해요!!",0
"미르씨는 방송섭외오면 예전에 엠넷에서 노란가발쓰고 했던...그때 너무 미르씨의 재미나는 솔직한 입담에 팬이 됬어요~
감초 역할 짱!!!",0
남매 사이가 갱장히 끈끈해보여요!! 비결은 무엇인가요??,0
"1. 드라마,영화를 한다면 어떤 장르를 하고싶은지
2. 효진언니는 언제 결혼할껀지,그리고 철용오빠도
3. 디시 가수할껀지 
사랑합니다♥?",0
그래서... 다음... 다음영상은 어디에 있습니까... 얼른 업로드 해주세요. 현기증 난단 말이에요.,0
아 ㅋㅋㅋㅋㅋ이번기회에 하진이 입장을 듣고싶습니다,0
방효진님 철용님 결혼안하시고 셋이 평생 같이살 생각은요?? 맞는사람끼리 같이 행복하게 사는게 좋아보여서요!,0
하진이가 이모를 보면 무슨 생각이 드는 지 궁금해요,1
사랑해 철용방.. 40이아니라 400 40000 롱런해??????,0
고은아씨  다시 복귀 안하나유?기다립니다ㅜㅜ언넝나오세유,0
으나언냐 잠옷투어시켜주세여 ㅋㅋㅋㅋ,0
효진형님 소개팅 후기가 궁금합니다!!,0
큐앤에이는 아닌데요 오빠 저랑 결혼해주세요 사랑해요?????♀???,0
세분이 진짜 심각하게 싸우신적 있으신가요?,0
1. 작품 복귀 시기  2. 효진언니 소개팅 후기 3. 치타 언니 결혼스토리,0
재생목록 만들어주세요!!!,0
술 드실 때 가장 좋아하는 안주 있는지 궁금...,0
방효진 언니랑 술 먹고 싶어요!! 핸드폰 압수해 가도 좋아요 ㅠㅠㅠㅠ,0
철용님의 이상형이 궁금해요 ㅎㅎㅎㅎㅎㅎ 결혼계획도 ~,0
ㅎㅎㅎ효진언니는 방송활동하면. 고은아  부캐를 유지 하실 생각인지. 아님. 방효진으로 그대로 모습을 보여주실런지. 궁금해요. 정해주시면 감사해유??,0
유튜브 너무너무 재밌어요 앞으로도 계속 이렇게 올려주세요 ㅋㅋㅋㅋ,0
유튜브 수익분배 구조!!!,0
"축하드려요 !
효진언니 미르오빠 각자의 연애스타일? 연애이야기 궁금해요 ??",0
나 요새 진짜 방가네 보는 낙에 삽니다 ... 이 울적한 나날에 빛과 소금 ... ㅠ ㅠ ??,0
고은아님 옷장이랑 평소에 어떻게 지내는지 궁금해용ㅌㅋㅋㅋㅋ,0
"영상은 누가 찍어주는지 귱금해요!!!!
하진이 인줄 알았는데 하진이도 화면에 같이 있어서 더 궁금해졌어요!!!!!",0
실례가 안된다면 고은아님 소개팅 후기가 궁금합니다~ ??,0
"미르님은 연상에 대해서 어떻게 생각하시는지,,, 누나들을 보면서 연상에 대한 로망은 사라지셨나요(?)",0
소개팅 결과는 어떻게 되었나요?ㅋㅋㅋ,0
40만구독 축하드립니다!,0
그동안 고생했어요. 앞으로도 함께 가요. 구독자 없는 채널은 채널이 아이지 않나~!!,0
옛날 리즈시절처럼 화장하고 꾸민 모습 보고 싶어요 ㅎㅎ 가발도 씌우고요... 또 고은아언니 친한 연예인 친구들에게 언니는 어떤 사람인지도 듣고 싶어요 미르방인데 은아 언니만 궁금해해서 죄송..,0
"40만 축하드립니다.
지금 공익생활하구있는 군인입니다.
하루하루가 너무괴롭고 힘드네요. 미르님은 어떻게 공익생활을 잘 극복했는지 궁금합니다. 혹시 사적인질문이었다면 죄송해요",0
두누나중에 누구랑있을때 제일편한가요??? ㅋㅋ,0
어떻게 하면 효진언니랑 친해질 수 있나요 저런 언니라도 있었으면 좋겠다ㅠ,0
40만 축하축하~~~~~~,0
솔직히 구독자20만정도는 은아님꺼아닌가여...? ㅋㅋㅋㅋ,0
오빠 팬미팅 하실 생각은 없나요?!?!넘나 보고싶어요 에이플은 애탑니다....,0
미르~~,0
둘이 너무 닮았는데 왜 효진언니랑 미르의 치아가 다른지 ...ㅋㅋㅋ,0
호평동치타의 결혼 스토리요 ㅋㅋ,0
큰누나 러브스토리 궁금합니당ㅎㅎ,0
몇년간 서로 안본 사연 궁금해요!,0
하진이 친구들이 하진이 삼촌이 하는 유튜브를 알고 있나요? 알고 있다면 초등학생들의 반응이 궁금해요 ㅋㅋ,0
QnA는 아니지만 누님들이 미르오빠 대뷔 무대나 다른 무대 영상들 보고 리액션하는거 찍어주실 수 있나요?? 너무 재밌을것같아요,0
"효진씨 소개팅은 어떻게 되었나요?
철용씨 노래는 언제 쯤 나오나요?",0
미지에 싸인 형부에 관하여~,0
효선언니 러브 스토리 궁금해요!!!남편분이랑 결혼까지 이야기요!!ㅋㅋㅋ,0
부족하긴요~ 지금도 충분하세용!!,0
매형분은 보통사람인지 궁금해요!!!!! 매형의 시선에서 보는 미르방가족도 궁금해요 ㅋㅋㅋㅋ하진이의 시선도요 ㅋㅋㅋㅋ,0
채널명은 아직 고민중이신가요? 뉴 채널명 기대하고 있어요~,0
40만 구독 축하해요??,0
삼남매인데 서로 성격도 다르고 성향도 다른데 싸우면 어떻게  푸는지 궁금해요~,0
축하해요 미르오빠 ???? 100만 가즈아!,0
모기목숨도 소듕히 여기는 착한 미르방 흥해라♡♡♡♡♡♡,0
방남매 서로가 살면서 역시 가족이 최고구나..했던적있나요? 서로 감동받았던 일화용,0
Porphyromonas gingivalis의 gingipain에 대하여 서술하시오. [10점],0
축하드립니다 ~~,0
철용오빠랑 결혼하고 싶어요 어떻게 하면 결혼 할 수 있나요? (결혼 해서 시누이들이랑 다같이 소주에 오징어다리 발로 잡고 뜯어도 되나요),0
넘 잼나고 시원해서 구독할 수밖에 없다^^  화목한 가족 넘 보기 좋아요^^,0
큰누나 어떤일하는지 궁금해요!!ㅎㅎ,0
승승장구 화이팅이요^^,0
유튜브 수익 분배!!!궁금해용,0
방효진님 소개팅 후기가 궁금합니다. ㅋㅋ,0
효진언니 소개팅 어떻게되었나요~,0
미르 누나 효진씨 3개월후 체중감량6kg성공여부 벌칙50만원 컨텐츠 시점이 다가오는걸루 아는데요?계획있으시겠죠?ㅋㅋ,0
효진님은 집에 몇번 들어가나요? 매일 들어가시는지...,0
고은아 연기하는 효진언니 영상보면서 리액션해주세요!!,0
"오빠 데뷔때부터 팬으로써 질문 해볼게요!
엠블랙 끝나고서 다시 가수활동을 하고 싶은 생각은 없었나요? 무대가 그리웠다던지.. 팬미팅하고 콘서트했던것처럼 다시 그립진 않았나요?
오빠가 하고 싶은건 언제나 응원합니다 :)",0
코로나 끝나면 방씨3남매랑 팬미팅 열어주심 안될까요!!!!!!!!!!!!!!!,1
"세분 언제 나혼산/아형/라스 정복하시나요?
편집은 어떻게 이뤄지나요?ㅋㅋㅋㅋ안웃긴가요?
은아언니 혈액형 궁금해요
서로 각자가 생각하기에 잘 맞는 남매가 있다면?
앞으로 새로운 컨텐츠 추가되는지?
미르님에게 누나들이란~?
누나들에게 미르님이란?",0
엠블랙 영상+댓글 보면서 삼남매 반응,0
어린시절 앨범 털어주세요!!!,1
미르님 이상형이요~~~,0
미르방님 이상형이요??,0
은아씨보다 5일 빨리 태어난 취준생 입니다... 욕 한번 시원하게 해주세요... 너무 안풀려서 속상해요.....,0
세분 모두 재미있으셔서 트리플 따봉 드리고 싶네요 금방 50만 갑니다~,0
미르님 힘드실때 큰 누나가 많이 도와주셨다고 하는데 어떡해 도와주셨던거에요?,0
"한참 연예인으로 활동하며 살던 삶의 만족도랑
지금 현재 유투버로 삶의 만족도랑 비교했을때 어떤삶이 더 만족스러운지 궁금하네요^^",0
빨리 하진이가 삼촌 이모 어케 생각하는지나 올려봐요 ㅋㅋ 현기증나요!!!,0
100만명 가즈아~!,0
라이브 방송 해주시면 안돼요?! 미르방 가족분들 라이브로 보고싶어요??,0
"미르오빠 이상형이 어떻게 되시나요 
2살연하 어떠신가요 ????",0
30만에서 40만을 1달만에! 이게 다 효진누님 덕,0
미르님 아직도 god형들 팬이에요????????????,1
"채널 이름 바꾸신다고 하셨는데 언제쯤 바꾸실 계획인지, 뭐로 바꾸실지 궁금합니다 (구독자 애칭도요~) 핫핫",0
축하해요~^^,0
세 분 예쁜 형제의 사랑 가득 건강한 일상 이야기가 주는 즐거움이 좋습니다. ^^,0
소개팅한 남자분의 후기 궁금합니다.  방효진님의 첫인상 어땠는지~,0
축하드립니다. 코로나로 우울하던 차에 방효진님이 큰 웃음 주셨습니다. 40만 축하드리고 더더 번창하고 좋은 일만 있기를 바랍니다~~!!!,0
북하면 놀러가면 언니오빠 볼 수 있나요!!!ㅎ,0
",효진 언니 이상형과 미르 오빠 이상형이요!!",0
와 대박이다..더성공해서 팬미팅해쓰면 좋겠어요 ??,0
"미르 오빠는 다시 연예 활동을 할 생각이 없나요????
진짜 팬인데 궁금해요 ㅠㅠ",0
"팬미팅... 해줘요.. 가족분들 모두 다 같이.. 언제 할거에요,,",0
소개팅후기 너무 궁금해용!,0
다섯 살 효진이 언니랑 다섯 명 효진이 언니 중에 골라주세용,0
효진님 다이어트 노하우가 궁금합니다.,0
"연예인할때와 지금의 수익과 삶의질 비교요!!!
그리고 구독자 애칭같은거 정했음 좋겠어요",0
"은아님 출연하신 비디오스타 유툽연검이 뜨는데요  진짜 넘 방효진님과 싱크롤이 안맞아서 ...혼란이 심하게 ;;근데 엄청이뻣어요 !!..40 만 기념으로 고은아님캐릭터연기해주세요..,",0
질문은 아니구요 세남매 요리대결?(안주만들기) 영상이나 서로 얼굴 꾸며주기 영상 찍으면 재밌을 것 같아서요~,0
방씨남매들 꾸밈없는 영상보면서 제가 더 즐거워요.^^,0
가장 기억에 남는 댓글은 무엇인가요????,0
소개팅후기요~~~~궁금쓰,0
소개팅 후기요 ㅎㅎ,0
은아님은ㅋㅋ원래항상늘 저텐션이셨나여 아니면나이들면서 저렇게업텐션되신건가요,0
"1. 나혼자 산다에서 섭외 있으셨는지 
2. 고은아님 연예계 복귀 가능성",0
"40만 구독자 축하드려요. 유튜브로 일상 공개 되고나서 절친들 반응은 어떤가요?? 친구들한테도 보이지 않던 모습이라 깜놀 했을지, 이제야 봉인해제 됐다며 덤덤했을지 궁금해요  ㅋㅋㅋ 어쨌든 삼남매 더 행복하세요 ????",0
은아언니 여배우로써 이런 끼를 어떻게 숨기고 살았는지...그것이 궁금하네요!,0
축하드려요!!!!! 질문은 아니고 세 분 애기 때 사진 똑같은 포즈로 사진찍기 하면 재밌을 것 같아요!!!!!,0
아빨리 소개팅후기이이ㅣㅣㅣㅣ,0
앞으로 이 채널의 방향성? 어떤 콘텐츠 위주로 가실 건지..!!,0
여기댓글에 있는거 전부다!!!궁금해요 전부 질문에넣어주세요 !!!!!!!그래서 최대한 길~~~~게!!!!????????????,0
축하드려요~^^,0
세분이 다 나오실때 카메라 누가 찍어주는 건가요?,0
"저도 고은아씨랑 나이가 비슷하고! 남동생이
미르씨와 나이가 비슷해서 공감하면서 마니 보고잇어요!!! ㅋ 저는 남동생이랑 어렸을때 진짜 엄청 싸웠거든요 무기들고 본격적으로 싸웠답니다 ㅋㅋㅋ 두분이서 가장 격하게 싸웠던 일화 궁금해여 ㅋㅋㅋㅋ",0
왜 항상 사과하시나요....,0
하진이 친구들도 하진이 엄마랑 이모삼촌이 유튜버인거 아나요?? 어떤반응인지도 궁금해요 ㅋㅋㅋㅋ+하진이의 생각도,0
삼남매 모두 하고 있는 게임이 있으시면 혹시 게임하는 컨텐츠 같은 것도 올릴 의향 있으신지 궁금해요!,0
그냥 모든 올려주시면 재밌게 볼 자신있어요????,0
..수익!!!,0
고은아 씨 나 미르씨 결혼 하시게 되면 집에 들어와 같이 사실 건가요 ?? 가족들 너무 보기 좋고 보는 내내 흐뭇 해요 ㅎㅎㅎ,0
"1. 고은아씨 저번에 문어다리 먹는편에서.. 발로 잡았던 부분까지 다 먹었는지 궁금합니다. 
2. 이건 질문이 아니고.. 미르씨 지오씨랑 티키타카하는거 넘 재밌어요 코너 따로 빼도 될 듯",0
오빠랑 언니 이상형이 궁금해요!!!!!!!!!!!!! 완전 꼼꼼히 세세하겤ㅋㅋㅋㅋㅋㅋㅋㅋㅋ,1
학창시절 누나가 괴롭혔던것 중에 가장 얄미웠던거! 효진님은 동생이 가장 얄미웠던 순간이요!,0
3만으로 베란다서 미쳐 날뛰던 언니덜 영상이 어제아래같은데ㅠㅜㅠㅠㅠ벌써 40만이라니ㅠㅜㅠㅠ 효진언니한테 궁금해요 같은 여여남 남매의 둘째로써 서러웠다던지 그런 거? 그것도 그렇지만 그 문어다리 구매처 어딘지도 궁금해요...,0
미르님 이상형 궁금해용!,0
저번에 채널이름 바꾸고 싶다고 하셨는데 아직도 바꿀 생각이 있으신지... 저번에 누구더라 미르나 고으나? 또 방가방가? 뭐 여러가지 있었던 것 같은데..,0
서로 진지하게 싸우면 어떻게 화해하시나요?,0
은아언니가 첫째언니 언니라구 안부르는 이유 궁금해옹~,0
축하드립니다. ????????????????????,0
이모티콘 안나오나요~?~!,0
효진이언니가 맘에 안들어하는 철용오빠의 눈빛이 궁금해요 ㅠ,0
"평소 삼시세끼 식단 어떤지 궁금해요
삼시세끼
미르방 버전으로 한번 찍어주세요!!!",0
효진언니 방송하시면 방효진으로 나오실껀지 고은아로 나오실껀지 궁금해용ㅋㅋㅋ개인적으로 진짜 성격 그대로 예능 출연 해주셨음 좋겠어요 제발~~~,0
백만 가즈아!!!!,0
미르님은 어떤 경로로 가수가 됐는지 궁금해요!,0
"오로지철용이에게만ㅋㅋ
1.여친진짜없나요?
2.나만의자기관리있는지요?
3.두누나중누가더좋아요?
4.아빠가더좋아요?엄마가더좋아요?
유치하지만ㅋㅋ",0
"왜 사이가 않좋았는지
얼마나 지속됐는지
어떻게 풀게됐는지 궁금해요ㅎㅎㅎ",0
"진짜 고은아씨  사장님이 미르씨 맞나요?
1인 기획사?
소속연옌 고은아씨가 유일?
큰누나 소속은 없나요?",0
"철용이랑
고은아랑 왜
한동안 안보고 연락도 안하고
살았던것임.....?",0
축하드려요미르오빠^^,0
미르씨 결혼관이나 이상형 궁금해요~ ~,0
"1. 각자 이름 인터넷에 쳐보는지
2. 채널 이름은 언제 바꾸는지

궁금합니다~~",1
은아언니 드라마 영화계획은 없으신가요? 예능은 미르방이면 충분해요,1
만세!!,0
"1. 미르님 살 너무 뺀거 아닌지 왜그렇게 빼는건지
2. 고은아님 캐릭터 유지를 위해 안그러고 싶은 날에도 일부러 업시켜 행동하진 않는지
3. 고은아님 다이어트는 잘 되어 가는지
4. 남동생이 말 잘듣게 하는 법",0
편집을 누가하는지 궁금합니다!,0
"40만축하드려용????????
은아언니 소개팅썰풀어주세용",0
넘나 보기좋은 가족~ 어릴적부터 사이가 좋았나요?,0
100만 가즈아!,0
대박 얼마전에 10만이었는데ㅎㅎ 앞으로도 계속 승승장구하세요~ ??,0
서로가 힘들때 가족들이 각자 위로해주는 방법 궁금해요~,0
맛있는술이랑 그술이랑찰떡인 안주추천!!!!,0
호평동 치타님은 왜 연예인 안하신건지? 끼가 넘쳐흐르는뎀??,0
은아언니 머리 기르실건지 또 단발로 자를건지 궁금해여..뭔든 예쁘지만^_<,0
종교가 어떻게 되세요? 집에 십자가가 있길래ㅋㅋㅋㅋㅋㅋㅋㅋㅋ,0
옆동네 사는데 호평동 맛집 알려주세요.,1
유튜브활동이랑은 조금 별개의 질문일수도 있지만 !!!!! 아련한 에이쁠로써 혹시 볼수있는 계획도 있으신지 궁금합니당..?? (예를들어 예전에 지오오빠 팬미팅이나 최근에 승호오빠 뮤지컬같은 활동이나 아님 음원같은 ..!) 유튜브 진짜 재밌게잘보고이써여♥?♥?,0
"1. 방효진 (고은아) 님은 현재 소속사는 없는것인가요? 
2. 방효선 님의 남편분은 현재 무엇을 하고 계시나요?",0
"철용오빠 질문=2살 방효진 vs 2살 방효선,효진언니 질문=동생 방효선vs오빠 방철용,효선언니 질문=언니 방효진vs오빠 방철용 싸우지 마시고 재미로 답해주세욬ㅋㅋㅋㅋㅋㅋ가볍게♡방남매 럽유♡",0
다시 방송시작하면 제일 먼저 하고싶은방송??? 제생각엔 미르 오빠랑 고은아씨 아닌 방효진 언니 같이 아는형님 나가면 대박날뜻ㅋㅋ,0
옹기종기 붙어서 인생네컷 찍어쥬세요???,1
제일 기다려지는 채널! 응원합니다,0
"효선언니 결혼 결심하게 된 썰 궁금해요
그리고 세분 왜 연락안하고 사셨는지 넘나 궁금합니다ㅠ",0
고은아 언니 학창시절에 대쉬 엄청 많았다고 들었는데 학창시절 인기썰 풀어주세요 ㅎㅎ??,0
"40만 축하드려요~!!!????
궁금한거 누나가 둘이어서 좋은점!! 누나가 둘이어서 안좋은점!! 그리고 미르님이 막내가 아니고 밑으로 동생이 있으면 남동생? 여동생? 그리고 누나들이 진짜!! 진짜 무서웠던적!!",0
취미 있으신지 궁금해요! 유튜브 하기전에 뭐하면서 시간 보냈는지 궁금해요,0
제발 한시간분량 만들어주세요 무편집 ㅋㅋ,0
큰언니분 직업 궁금해요,0
효진님 결혼하면 미르님 결혼식때 운다 웃는다  ?,0
구독자들이 정리해준 엠비티아이 유형들 다 보셨는지 궁금해요!!! 보면서 공감되는 부분들이 있었나요???,0
미르오빠 앨범 내실 생각은 없으신가요???? 오빠 랩하는 모습 보고싶고 그리워요ㅠㅠㅠㅠㅠ,0
효진언니 효선언니 춤 어디서 배웠어요? 궁금쓰,0
실버버튼 보여주세요~~,0
그냥 다들 건강만 해주세요. 아.. 근데 분량 좀 길게 내주세요...... 재밌어서 더 짧게 느껴져요 ㅋㅋㅋㅋㅋㅋ,0
형부 존버들어갈거야 ..0.1도 없어도 들어갈거야..qna 는 그냥 ..뭐 알아서 재밌는걸로 픽해서 해주시길...그리고 어머님 유쾌해서 너무 좋아용 홍홍,0
"학상시절때 엠블랙에 미쳐서는 
MBLAQ 타투 새겼네요..  
엠블랙 정말 영원히 안녕인가요..? 미르방으로 커버업을해야하는지..ㅎㅎ",0
소개팅 후기썰풀어주세요~~!!!,0
호평동 치타 여사님과 효진언니의 콜라보 메이크업 영상 찍으실 생각 없으신가요??? 뷰티프로그램에서 고은아ver이였다면 이번에는 효진쓰ver.,0
삼시세끼 찍어주실생각이 있으신지!,0
비스 보다가 은아언니 남자들이 수시로 고백했다고 했는데 사실인가요???????? 너무너무너무너무 궁금해요 !!!!!!,0
효진씨  머리스타일부터 스타일링 받아서 180도 다른 모습으로 유튜브 한 번 찍어주세요.. 지금도 예쁘시지만요 그래도 아직 아가씨인데.. 이쁜 모습  많이 보여주시길~%,0
"팬들은 미르님께 감사하지않을까요 응원하던 아이돌이 세월이 흘러 마약하고 룸싸가고 성문제등 여러 안좋은 사건으로 연루되면 응원했던 팬들의 허탈함은 정말 장난 아니거든요 
근데 미르님은 너무 바르게 자란(?) 그런  기분이 들어 보고 있어도 흐뭇해져요",2
하진이 인터뷰 듣고싶어요!! 엄마 이모 삼촌이 노는 모습이 어떤지ㅋㅋㅋㅋ,0
유투브 수익은 어떻게 나누시는지 궁금해요!!,0
세남매 언제부터 그렇게 매력적이었는지 궁금...,0
나혼자 산다에 꼭 출연해주세요~,0
고은아님 소개팅후기요~~,0
그 어떠한것보다 한껏 단장하고 나가신 효진언니의 소개팅 후기가 넘후나 궁금합니다??????,0
하진이...........하진이보고싶어요,0
ㅊㅋ,0
미르님 재밌는 영상 잘보고있어요 항상 건강하세요,0
미르님 저랑 결혼 할래요? 은아언니도 소개팅 했잖아요 나 진지 한사발 마셨어 다른건 모르겠고 시누언니들 춤출 때 같이 도라방스 할 수 있는 여자 어때요?,0
해보고 싶은 방송이나 해봤던 방송 중에 제일 기억나는 게 뭔지도 궁금해요! 강아지들 개인기도 있나요??,0
은아언니 미르씨 집 궁금해여!,0
철용씨랑 효진씨 나혼자산다 나오시믄 안되나요?넘 잼있을것같아요!!ㅋㅋㅋ,0
서로한테 감동받았던적은 언제인가요 ??,0
하늘이 구름이는 원래 얌전한건가요 아니면 세 남매분들의 활발한 에너지의 눌려서 얌전한건가요,0
100만 미르 세남매 주연 코믹영화각 잡을 때까지 좋아요 폭탄 처맞아라 미르야,0
"지금은 연예계에서 활동 안하고 계시잖아요
그면 돈은 유튜브말고 뭘로 벌어요? 직업이 있으신가요?",0
효선언니가 근엄한 형부랑 만나게된 계기?소개팅인가요~?,0
호평동 치타님 결혼썰이 궁금해요,0
소개팅 어떻게 됐어요!!!!!!?,0
미르님 강아지가 말하는 영상은 언제 나와요? 그거 찍고 100만 가즈아~!,0
미르님은 보통 2층에 계시는 거 같은데 평소 세 남매 집에서 대화 자주 하시나요...?,0
"1. 유튜브 광고협찬이 들어온다면 하고싶은 광고가 있는지
2. 효진언니 찍고싶은 영화나 드라마 장르가 있는지
3. 출연 하고싶은 티비프로그램이나 유튜브채널이 있는지",0
하진이가 이모삼촌엄마를 보며 무슨생각을 하는지 궁금합니다,0
누님들이랑 사이좋게 지내시길 바래요~^^ ㅊㅋ ㅊㅋ,0
"실례가 아니라면 효진 언니 즉흥연기 한 번만,,갭 차이 한 번만,,,보여주세요 벌써 멋있다??",0
집 베란다? 그 부분이 아파트 동마다 다 있는건지 집구조나 아파트구조가 궁금해요 !,0
이마트 가면 만날수 있나요??,0
"가족들 사이가 안좋아서 얼마동안 안보고 지냈던적이 있었다고 했는데, 그 이야기좀 해주세요~",0
"1. 실례가 안된다면 집구조가 상당히?독특해서 궁금해요! 아파트인거같은데 2층이면 꼭대기층인가요?ㅎㅎ
2. 하진이가 생각하는 이모.삼촌!
3. 치타님과 미르방님 같이 사시게된 계기? 궁금해요ㅎㅎㅎ
4. 효진언니 자취방 따로있다는데 자취방에 가시긴하는거죠?ㅎㅎ보통 호평동에서 촬영하고 숙박?까지 하고 가나요 아님 당일치기로 하나요? 주무신다면 효진언니는 어디서 주무세요?ㅠㅠㅜㅜ하진이침대에서 자는건아니죠?ㅎㅎㅎㅎㅎ

미르방 40만축하해여 저 10만대부터 보기시작했는데 덩달아 저도 뭉클해요 더더흥하길 바라면서 백만가즈아????",0
"01. 최애음식 알려주세요
02. 현재 하고있는 또는 앞으로 하고싶은 취미가 있으신지?
03. 서로에게 이건 고쳤으면 하는 습관이 있으신지?",0
3남매 애기때 사진 궁금해용 ㅎ,0
소개팅후기요!!! 니가 왜 거기서나와 나레이션 후기요!,0
세분이서 팬미팅 하실 생각 있으신가요!,0
"삼남매의 솔직 명랑한 아야기 잘 보고 있어요
40만 축하드려요
질문: 효진씨 영화 캐스팅되었다는데 너~~무 축하드리고 , 언제부터 촬영들어가나요? 
혹 tv출연 계획있으신가요?",0
40만 구독자 도달했을때는 뭐하셨나요?? 파티했나요?? 100만 구독자 되면 뭐하실건가요!!,0
미르 고은아  첫째누나   화이팅  요즘너무 재미있게보고있삼 ㅋㅋㅋㅋㅋㅋㅋㅋㅋ  50만가고   100만가즈아~~~,1
얼마전에 은아언니가 겟잇뷰티? 에서 셀프 메이크업 한 영상 봤는데 거기서 나온 엄청난 화장품들 진짜 언니꺼였는지 아님 큰언니 화장품이었는지 궁금합니다ㅋㅋㅋㅋ ㅋㅋ,0
효진누님이랑 효선누님이 술마시고 이상한 짓 할때마다 하진이가 충격을 받거나 하진 않나요???????정말 궁금합니다!!!!!!!!!,0
남매 세명이서 제대로 꽁트 짜서 찍는 것도 재밌을꺼 같아요. 공통 관심사로,0
치타 언니와 형부는 어떻게 만나신곤가요???,0
"1.지난번에 채널명 변경하신다고 하셨는데 계획 없으신가요? 
2. 미르방 유튜브 댓글 중 가장 기억에 나는 댓글 궁금해요",0
철용이가 언니들 요리해주는거도 보고싶어요~~~~~,0
효진언니 술버릇 최대 몇병까지 가능,0
예~~~전에  방송에서  집에   여자분들이  많이  같이  살던 영상을  본 기억이  있는데  누나 두분들의  친구분이셨나요?   신문지  바닥에  깔고 짜장면 드시던  모습도  기억나요.   놀러 온거보단 같이 사는 분위기 같았는데 얘기 좀 해주세요.,0
코로나19의 재유행 가능성 및 이후 세계와 한국의 증시 전망 부탁드립니다,0
그냥 너랑 누나랑 행복했으면좋겠다. 지금처럼.,0
어릴때 사진 공개하면서 그때 썰 풀어주면 재밋을거같아용 >.<,0
미르님 여친 생겼을때(과거) 누나들의 반응이 궁금해요 !??,0
저 효진언니한테 시집가고 싶어요 언니 나는 어떤지?,0
"11년차 에이플러스로서 호옥시 철용오빠 팬미팅 같은 건 생각 없으신지 너무너무 궁금해요 물론 코로나 잠잠해지고 ! 제 자리가 있을 진 모르겠지만..??

요즘 다시 잘 되는 모습 보니까 너무 기뻐요 40만 축하드리고 더 더 장성했으면 좋겠습니다 ㅎ.ㅎ",0
미르 이상형 미르 방송 언제나오냐구용,0
참! 서로 좋은점이나 싫은점 들도 귱금해요,0
"방효진을 위한 대 소개팅 프로젝트
100명 중 골라봐

이런 기획은 힘들겠죠..",0
"이건 질문이 아닌데요
첫째누나 둘째누나랑 미르님이랑 너무 사이좋고 다들 너무 착하고 화목해서 저 미르님이랑 결혼할래요??????
저 스무살이에요 결혼할수있어요 결혼할래요
장래희망: 방철용 마누라",0
학창시절 학교생활 에피소드 궁금해요!,0
평상시와같은 에피소드 보여주시고 항상행복하시면 될거같아요^^,0
어릴때꿈은뭐였구.지금현재의꿈은무엇인지궁금해지네요~영상보며힐링합니다.^^,0
하진이랑 같이 하는 컨텐츠도 있었으면 좋겠습니다! (자극적인 맛에 가끔은 순한맛도 필요하니깐ㅎㅎ),0
전에 방송에서 술오프라인 모임하신다고 했는데 언제 하실건지요?꼭 가겠습니다!!!,0
큰 누나는 효선이고 둘째 누나는 효진인데 셋째는 왜 밑도 끝도없이 철용인가요 돌림자인가요,0
향후 남북 관계에 대해서 어떻게 전망하시나요??,0
방효진님 역대급오바 한번 갑시다 선한번 넘어봅시다 이래도 되니....할정도로 ㅎㅎ,0
누나들한테 항상 당하고 져주시는 것 같은데 한번도 대들어 본 적 없나요? 사춘기때 어땠을지 궁금하네요,0
영탁님 니가 왜 거기서 나와 나레이션 고은아님이시던데 확인사살과 그 썰 풀어주세용,0
방씨네 강아지들은 무슨 생각을 할까요? 강아지 언어 판독기 같은게 있던데 강아지들의 마음을 알려주세요~~미르님은 방송이 무서우시면 라디오를 고정으로 하시는건 어떤가요? 마지막으로 고은아님 언제부터 패션 파괴자가 되셨나요?ㅎㅎ,1
형님 랩은 다시 안하시나요? 랩 재능이 아예 없으셨던건 아닌것 같은데,0
나이 먹고 남매가 이리 건강하고 밝게 살고 있다는게 참 대견하다고 느끼며 또한 부모님의 따스함을 느낍니다 건승하세요~ 100만 곧 되실 듯 ^^,0
잠옷에 신경쓴다 안쓴다 궁금해요 요즘 언니들 커플룩이던데 ㅋㅋ,0
"촬영은 주로 누가하시나요??
????????",0
소개팅 어찌되셨나유 ㅎㅎ,0
미르님은 나중에 결혼 하실 생각이 있으신가요?,0
하루 일과가 궁금해요!!,0
오예스커플이랑 합방 하실 계획 있으신가용??,0
효진언니 새로운 유니폼은 어디꺼에요,0
에이플러스는 조용히 손을 들어 5블랙 존버를 표현해주세요,0
오빠 계좌번호 뭐예요?,0
저 중학생때 엠블랙 팬이였는데 요즘은 멤버들과 친하게 연락하며 지내나요?? 나중에 게스트로 한번 초대해서 유투브각 뽑아주세요 ㅠㅠ,0
50만 미리 축하요,0
요리해주시는거 맛있나용?,0
소개팅 후기 알려주세요!,0
방송활동계획은 없으신지요 ㅠㅠㅠ,0
오마이베이비때 하진이가 고은아언니 무서워하고 안좋아했던걸로 아는데 지금은 어떤지 하진이가 기억하는지 궁금해요!!! 오마이베이비 애청자였어요 완전 재밌었음 미르네!,0
세친구 순풍산부인과 보다 더재밌는 채널,0
큰누님은 둘째 계획은 없으신지 궁금합니다~^^,0
채널 이름 바꾼다고 하셨는데 언제 어떤걸로 바꾸실 예정인가용,0
"따라잡을 수 없는 텐션의 근원지는
1. 먹어야 할 약을 안 드신 건지
2.먹지말아야 할 약을 드신 건지
ㅋㅋㅋㅋㅋㅋ",0
고은아누님 숙취해소법좀알려주십쇼,1
축하해요,0
40만 축하해요!!!!! 궁금한건 다른 구독자 분들이 다 댓달았네여ㅎㅎㅎㅎ 전 랜선 집들이!! 집구경 하고싶어요! 리얼 옷장 털기ㅋㅋㅋ,0
혹시 미르님은 여친 없나요?  ㅎㅎ,0
소개팅후기와 그때 큰언니께서 쓸때없는소리한다고 (싸운이야기...)카메라 내리셨는데....그내용도 궁금합니당^^,0
다른거 다필요없고 효진언니 소개팅 썰풀어주세요!!!!,0
미르님 연애 안하시나요???,0
하늘이 구름이 채널은 언제 만드실 예정이신가요?ㅋ,0
혹시 은아씨는 따로 유튜브 채널 하실 계획 없나요??,0
저번에 올리신 소개팅 후후후후기기기ㅣ기기,0
"꾸밈없이 형제 간에 우애있고 가족끼리 웃음이 넘치는 모습이 너무 좋았습니다. 고은아님의 충격적인 사생활 모습에 반해버렸구요. 삼남매의 너무나 리얼하고 밝은 모습은 보는 사람들도 덩달아 행복하게 하네요
앞으로도 지금처럼 꾸밈없이 가족 모두 행복하세요^^",0
효진언니 점점 살빠지시는 갓 같은데 어떻게 다이어트하시는지,0
미르님은 왜 방효진님께 고은아라고 부르는지 궁굼합니다. 가족분들이 철용아~ 라고 이름 부르잖아여 ㅋㅋ 미르님만 고은아라고 하셔서요,0
미르님이랑 효진언니 지금 어디소속인지 저번에 미르방 소속이라하셨는데 형부네 소속사인지 아니면 지금은 소속사가 없는건지 소속사 궁금합니다!!!,0
세분은 사이가 참 좋으신거같은데 심하게 싸운적은 없으신가요? ㅎ,0
효선언니는 언제부터 그렇게 예뻣나요?,0
너무 잼서요 나으 활력소 !! 미르방 가족 모두의 인생관이 궁금해요,0
소개팅후기영상없나요~~~?,0
철용씨는 여친없나요?ㅋㅋ,0
구름이랑 하늘이는 몇살인가요? 애들이 정말 점잖아서 궁금하네요ㅋㅋㅋㅋㅋ,0
효선언니랑 형부 썰 좀 풀어주세요!!!!,0
하루 중 효진언니가 가장 진지해질 때는 언제인가요?,0
1.유투브 수익분배 어떻게 하는지 2.철용이는 여자친구 만나면서 기쎈누나들때매 여자가 꺼려하지 않는지,0
"삼남매를 보면 못볼꼴을 다 공유한 사이 같은데, 서로에게 가감없이 대할 수 있는 방법 또는 누가 먼저 서스럼없이 다가간건지 궁금합니다!",0
효진님 치열이몇개인가요???,0
제일 웃겼던 댓글이나 기억나는 댓글 어떤건지 궁금해요,0
메이플스토리 하시나요 ?,0
그 숲속 바지인지 티셔츠 왜 이제 안입나요,0
방효선 바보 아니다,1
유튜브 수익 가족끼리 어떻게 나누시나요,1
엠블랙으로 컴백은안하시나요???,0
매형의 정체,0
네~축하드리고요~소개팅 후기 왜 안올라와요??ㅠ,0
효진누님은 연기 다시 안 하시나요?,0
미르오빤 이상형이뭐에요 언제결혼하시나여,0
편집은 어떻게 하시나요?,0
"오빠 이리오너라 냈던것처럼 믹스테잎 내실 생각 없으신가여?????? 아니면 그냥 피쳐링이라두,,,ㅠ",0
첫째언니가 생각하는 동생들에게 적합한 배우자는 ???????,0
"하루만 건달 곽철용으로 살아주실 수 있을까요..? 아니, 반나절 만이라도..",0
팬밋업...? 팬미팅...? 하실 생각 있으신가요??,0
앞으로도 이상한 비제이들이랑 합방하시지 마시고 지금처럼 가족유투버로 계속 성장하시길바라요 지금이 딱재미있어요,0
삼남매 첫사랑썰 듣고싶습니다아 !!!!!!!!!!!!! 격하게 듣고싶습니다아 !!!!!!,0
예전에 성형외과의 진실?? 그거 따로 찍어서 올려주신댔는데 아직 안올라와서 넘 궁금해요!,0
매형과 누나의 러브스토리 궁금해여,0
은아 언니 민초단이신가요.,0
우리의 효진언니!! 방송이나 드라마 복귀 계획있으신지! (근데 우리 구독자들이 몰입이안될거같긴해요 ㅋㅋ이모습이 너무좋아서),0
"미르방인만큼 엠블랙 멤버들 근황 너무 궁금해요! 에이플러스로 오예시절부터 꾸준히 엠블랙 좋아해왔던 저로서는 미르 ! 하면 엠블랙이 먼저 생각나는건 어쩔수없는 일인 것 같아용! 다들 어떻게 지내는지, 병희오빠 근황은 오예커플 유튜브 통해 자주 들여다보고있지만 김볶 이준오빠랑 둥빠! 양리다오빠까지 다들 어떻게 지내는지 알려주세요!!!!!!
그리구 엠블랙 시절 훌륭한 라이벌로 같이 활동했던 비스트 멤버들과도 꾸준히 교류하고 있는지도 너무 궁금합니당 !",0
미르 오빠의 이상형이 뭐예요?? 그리고 은아언니 소개팅 후기 썰도 풀어주세요!!ㅎㅎ,0
철드래곤 올안에 골든버튼 갑시다,0
효진언니 소개팅 잘 하셨나요????,0
은아님 연기계획이 제일 궁금합니다,0
첫사랑애기해주세요??????,0
언니들한테! 방철용 5명 vs 5살 방철용,0
3개월전에 다이어트 내기 50만원의 행방에 대해 알려주세요,0
방송보면 짤들 많이 생성되는것 같은데 카톡 이모티콘 출시 해주시면 안되나요? 친구들이랑 톡하다보면 그 상황에 맞는 치타여사님 얼굴(표정)과 효진님 얼굴(표정)과 말투가 생각나서 미치겠어요ㅋㅋ,0
은아언니 소개팅 어떻게 됐나요??,0
"1. 효진언니는 항상 만취탠션이면 안지치나요?
2. 효진언니 소개팅 후기 궁금해요 많이",0
방효진의 하루 브이로그 찍어주세요,1
뭐 한동안 얼굴 안보고 살았다던데 뭔일이였나요? 지금으로썬 상상도 안되는데ㅋㅋㅋㅋ,0
미르님!!!결혼의 필요성에대하여 어떻게 생각하시나요??,0
가족 다 같이 나올때 카메라는 하진이가 찍나요? 높이가 딱인데ㅎ,0
미르님은 아버지과수원일을 물려받을실건지 궁금해요.,0
실방 ㄱㄱㄱ,0
고은아님 다이어트 결과요 데헷,0
효진언니 본명으로 복귀할생각은없는지?,0
시청자들한테 방송에서 이미 바닥까지  전부 보여주셔서 궁굼한게 있나 싶네요ㅎㅎㅎㅎ 업데이트날짜를 요일이나 간격을 정해서 올리실 계획이 있는지요~?,0
큰누님 누님가족은 어쩌고 항상 삼남매랑 함께 계시는지 ㅋㅋ귱금합니다,0
언니 괜찮아요?,0
"1. 다들 스트레스는 어떻게 푸시는지 ??
2. 효진언니가 30대가 되서의 후기, 20대로 돌아간다면 해보고 싶은것들 ??
3. 효선언니은 뭔가 혼자만의 특별한 취미생활이 있을것 같은 느낌적인 느낌이 있는데 있으면 알려주세요 ??",0
둘째누님 보는 재미로 구독눌름요,0
"1. 언니 소개팅 잘 됬어요????? 
2. 얌전한 하진이는 이렇게 재밌는 이모 삼촌 엄마가 있는데 기분이 어떤짘ㅋㅋㅋㅋㅋ 
???? 하진이 시점 브이로그 ????
3. 효진언니 채널 따로 만드실껀지 아님 전에 말했던 채널 이름 바꾸실껀지..?
4. 미르님이 냉면 사주셨는지 궁금해욬ㅋㅋㅋㅋㅋㅋㅋㅋㅋㅋㅋㅋㅋㅋㅋ

저 고은아님 오랜 팬인데 갑자기 안 보여서 슬펐어요ㅠㅠ 미르님 채널에 이렇게 자주 나오시니 너무 좋아욯ㅎㅎ 준비 되실때 다시 활동 활발하게 해주세요ㅠㅠ 싸룽해요 언니ㅠㅠ",1
유튭 수익 어떻게 배분하나여??? 궁금해여,0
미르님은 소개팅 안하시나요,0
아니 너무 겸손함...충분히 경쟁력있는 컨텐츠임 이 분야로는 따라하기 힘듬....구독자들이 의무적으로 가식적으로 구독을 누르는게 아니라 대리만족을 느끼고 행복감을 느끼니까 스스로들 구독 누르는겁니다 즐겁고 안정감이 영상에서 느껴지니까,1
소개팅 어떻게 되셨나요??^^,0
채널명 바꿀 생각없나요??,0
정모 같은거 하나요?(옛날사람)....,0
다 필요없어 다들 나랑 한마음 한뜻일거야 우리 방효진언니 소개팅 어떻게 됐나요.,0
자세히보기 누르는데 계속 좋아요 두번눌려서 취소됨;;;;;  손가락 살을 빼던가해야지 증말,0
하진이는 사춘기안왔나요?,0
"미르님의 이상형
방효진님의 이상형",0
형부출연시켜주세요..,0
구름이 하늘이와 어떻게 인연이 된건지 너무 궁금합니당,0
소개팅후기요!!!!!!!후기 후기 소개팅후기,0
집에 십자가보면 천주교인거같은데 성당 다니시나요?? 매주 가세요??,0
소개팅 한거 잘 되어가고 있나요???,0
술먹방.. 아이원츄,0
소개팅 어떻게 되었나요??!?!!?!??,0
옷장공개얼른하자..,0
가족들이 화면에 다 나올땐 누가 찍어주는건가요?? 큰형부?? 편집자???,0
"누나와 형부는 어떻게 만났나요
형부는 이 가족의 실체를 몇년뒤에 알게 되었고 
잘 적응 했는지 궁금합니다
ㅋㅋㅋㅋㅋㅋ",0
세분 세례명은 어떻게 되나요?,0
고은아님이랑 에나스쿨님이랑 한번 합방가셨으면 좋겠어요 ㅋㅋㅋㅋㅋ 여자짱구둘!!,0
저번 편 소개팅남 어떻게 됐나요?,0
다른 사람이 이런말하면 안믿을거 같은데 미르가 하니깐 믿어지네 진짜 잠자기전에 감사하다고 되뇌이고 잘 것 같음..ㅋㅋㅋ 40만 구독자 ㅊㅋ해요!,0
세남매 가장 크게 싸운 썰 잇음 들려쥬세요오 현실남매버전 궁금,0
채널을 농사 컨텐츠로 잡아볼 생각은 없으신가요?,0
승승장구 하셔요,0
어케하면 호평동 치타가 될 수 있나요,0
은아언니 현장 분위기 많이 살벌해요?,0
삼남매소탈하고친근한영상잘보고있어요40만기념으로세분완전꾸미고우아하게먹방하는모습보고싶어요~^^,0
"1. 은아언니 송파구 집투어 해주세요 너무 궁금해요
2. 가족들 조카분까지 다나올땐 누가 찍어주시는 건가요? 별도의 스탭인가요 아니면 효선언니 남편분?
3. 하늘이구름이 정말로 말 했나요?
4. 은아언니 소개팅 후기!!!
5. 유튜브 안 찍을때 삼남매는 어떤 일을 하면서 지내나요! 일상을 조금 공유해주세요
6. 은아언니 요즘은 숲속티가 잘 안보이는데 아디로 갔나요ㅋㅋㅋㅋ
7. 효선언니 남편분과 만나서 결혼까지 골인한 일화 풀어주세요!
8. 조카분은 가족 중 누구를 가장 닮았나요? (본인생각&가족분들 생각 둘다)
9. 삼남매는 평소에 호평동에서 같이 사는 건가요? 한집에서?
10. 바뀐 채널명&팬닉!! 너무 궁금해요!!",0
누나가 제일 민망했던 순간은 언제인가요??,0
미르님은 소개팅 안하시나요?? 이상형 궁금해요,0
베댓들 당장 말해줘요 현기증나니까 데헷,1
은아언니한테 핸드폰 빼앗기고 술먹기는 계획에 있으신가요... 하고싶어요... 40만 너무너무 축하드립니다!!,0
저번에 은아언니가 만난 남자분이랑은 어떻개 되셨나요???,0
미르 팬미팅언제하나요. 그리고 참여방법도 알려주세요,0
수익을 누나들과 나누는지 궁금합니다!,0
미르님 방송복귀가 두렵다고햇지만  다시복귀방송한다면 유튜브는그만두실껀가요?,0
엠블랙 멤버들이랑 연락하나요??,1
소개팅 후기요,0
싸우고 몇년간 말안했는지 에피소드 궁금해요,0
효진언니 가방 악세사리 보여주세영,0
저번에 말씀하신 은아언니번호차단하고 한동안안본적있다고 하셨는데 어떠한사연이엇늣지 듣고싶습니다,0
언니 영화나 드라마는 안하나요? 전언니 예능말고 영화나 드라마에서 보구싶어요..예능은 미르방이면 충분해..방송국 놈들 악편하는것두 싫고...,0
첫째 누나님은 이름이 뭐예요?? 결혼하신거 같은데 같이 사시는건가요??,0
영상 자주  좀 올려 줬으면...,0
이쯤되면 큰누나는 데뷔 안하신게 신기한 것 같은데 이유가 있나요,0
야동보다 걸린적 있나요?,0
미르님 연예인병 걸렸을때 누나들이 보기엔 어땠어요? 누나들은 알았어요? ㅋㅋㅋ,0
첫째언니 남편분은 뭐하시나요??,0
연예인이 아니였으면 했을 직업이나 하고싶은 직업있는지 궁금합니다,0
다시 엠블랙 결성은 없나요? 노래 참 좋아했습니다,0
"채널의 이름은 바뀐다면 바뀌나요? 바뀐다면 어떤 후보가 있는지 궁금합니다!
(사실 이미 이제 방효진=미르방네 공식이 생겨 위화감이 없기 때문에 굳이 바꾸지 않아도 될 것 같긴 하지만 ㅋㅋㅋㅋㅋ)",0
"셋이서 손잡고 불마왕라면 리뷰좀해주세요
저번에 매운치킨엄청 맛있게드시던데
이번여름 식욕좀 살아나게해주세요.",0
소개팅 후기 왜 안올라와요!!!!!!!!숨넘어가,0
"우선, 40만 축하드립니다!! >.<!  짤막하게 큐앤에이는 1, 미르방과 고은아의 이상형!!뭐 연옌으로 말하는게 아니라, 진짜 이상형 궁금합니다! 2. 친한 연예인 누굴까...궁금?! 지오 제외한,  3. 채널이 계속해서 커지면 어떤 컨텐츠를 준비할 것인지 4. 고은아님의 소개팅 후기  5. 고은아씨에게 패션이란?...................",0
집안에 십자고상이 보이던데 집안이 천주교이신지? 혹은 가족 중 일부만 천주교이신지 궁금했습니다!,0
"집에서만 찍으시던데
그이유는? 
집돌이이신지?  
동네 단골집어디신지",0
고은아가 해주는 음식중 TOP3  선정과 비쥬얼볼수있을까요?,0
"미르님에게 묻습니다.

1.나는 누나들이 창피한적이 있다?없다?

2.누나들 중에 어느 누나의 폭행이 더 무섭나요? 무섭다면 강도는 어느정도 인가요?

3.작은매형이 생긴다면 큰절 몇번 하실건가요?

미르방 항상 응원해용^^*",0
고은아씨 어디광고에서이번에본거같은데 뭐였더라 뭐찍었어요?,0
나랑 연애할 생각은 없는가 자네???,0
방씨 가족들의 옷장이 너무 궁금해요,0
이번에 40만 구독자 기념파티로 언니분들 파뤼 안 하셨나요?? 하신다면 저도 쫌...ㅎㅎ ????,0
미르오빠는 결혼생각 있나유,0
"1.소개팅후기
2.미르님 고은아님 향후 계획",0
형부가 생각하시는 고은아와 미르방은?? 형부랑 전화데이트 해주세요!!!!!!,0
두분 모두 연예인 생활을 하시면서 힘든 시기를 겪으셨는데 잘 이겨내시는 모습들 과정들이 너무너무 대단하세요 마음이 아팠던시기를 잘 견디고 이겨낼수있게 힘을 주었던 건 무엇이었는지 알고싶어요,0
효선 누님 드라마 한편 안 찍으세요?ㅎ,0
"1.누나들이 좋아하는 엠블랙의 최애곡은?
2.미르님 본인의 엠블랙 최애곡은?
3.평소 즐겨듣는 음악들이나 플레이리스트 공개해주세요~

P.S 제가 엠블랙 노래들 흥이넘쳐서 좋아하는데 궁굼해서 여쭤봅니다 ㅋㅋ
전 오늘도 스모키걸을 듣습니다
40만 축하드려요♡
그럼이만????총총",0
오늘 저녁 뭐먹어야 맛있게 먹었다고 소문나나요?,0
하늘이랑 구름이 몇 살이에요??,0
어떻게 그렇게 겸손하세요?,0
은아님 소개팅 어케 됐나융?,0
가끔 온가족이 모였을때 카메라는 누가 들고있는건가요?,0
"고은아님 비디오스타 보셨나요? 어떤성격이 진짜인건가요?
먹어도살안찐다는거나
고등학교때 뒷문으로 고백이야기 좋아하는남자들중 연예인있다건실화? (실화겠지만 ㅎㅎ)
그리고 왜 그 당시 컨셉을 그렇게 잡으신건지....?
컴백하시면 어떤 성격으로 컨셉을잡으실건지
궁금합니다",0
Mbti 성향이 실제 맞는지?,0
효진누나랑 큰누나는 언제부터 천사였어요?,0
"40만 너무 축하드립니다!! 미남 미녀가 이렇게 너무나도 솔직하고 재밌으시니..ㅋㅋ 당연히 빠른 성장 할수밖에여 ㅠㅠㅠ 
궁금한점은요!! 언젠가 마음의 준비도 되고 기회가 된다면 티비 예능에서 이런 찐모습 보여주실수 있나요??ㅎㅎ 고은아 미르말고 방효진 방철용으로요 ㅋㅋ
글구... 미르님은 넘 재밌는 누나들이랑 같이 살아서 왠지 여자에대한 환상 하나두 없을거 같은데,, 맞아요...?",0
방효진씨 인바디가 궁금합니다,0
소개팅남의 전화번호는 뭐라고 저장해두셨습니까?,0
가수때랑 지금이랑 수익이 어떤게더낫나요?,0
철용이의 이상형은 호평동 치타에 가까운지 방효진에 가까운지요 ??????????,0
소개팅후기요!!!!!!!!!,0
오팬무?,0
외동이라 외로운적도 형제남매 부러운적도 없었는데 방효선효진철용 남매 보니 진심으로 부러유ㅓ요..... 혹시 절 낑겨주실 맘은 없으신가여??? 주접 만렙 여동생 키워보시져,0
미르님 큰누나 vs 작은누나 누가 더 좋아요,0
QnA보다 40만 기념파뤼가 기대됩니다,0
고은아씨 소개팅 후기 빨리 나왔으면 좋겠어요 궁금합니다,0
촬영하는 사람은 누구인가요,0
드레스룸 투어해주세요 그리고 패션쇼도요,0
??????????????,1
채널명은 언제쯤 바꾸나요?,0
방송복귀 안하시나요?,0
"소개팅편 언제나와요,,",0
오빠는 연애나 결혼 생각은 없으세여,0
우리 방효진님 아놔 소개팅 어찌되엇소????,0
고은아소개팅 후기를 달라,0
예슬씨 누나들 찐성격알고 반응 궁굼해요,0
여름인데 구독자들과 일박이일 술파티는 어떤가요 히히,0
나 고은아 필요없어!!!! 방효진 사랑해 개사랑해!!!!!!!!!!!!!!!죄송해~ 고은아도 개사랑해♥♥♥,0
똘끼의 원천은?????????????????,0
효진언니소개팅후기가넘궁금해요,0
채널 이름 뭘로 바꾸실지 정하셨나요?,0
"I have a question. When you were kids and had fights, how did your parents handle it? I ask because you three have an incredible bond and it will help to know for the future. I am korean can understand everything just cant write well.",0
그럼 곹드버튼 받나요?,0
어쩌다가 유튜브를 하기로 마음먹었나요???,0
소개팅은 어떻게 됬나요잉~~??,0
철용오라방이랑 효진언니는 원래 방송을 하다 쉬시는 중이신 거 잖아요. 만약 복귀를 한다면(언니는 이미 복귀 예정이지만!) 어떤 장르의 예능프로에 나가시고 싶으세요!? 이런 건 편하게 나갈 수 있겠다!하는?,0
하진이랑 효진언니 이제는 사이 좋은가요???,0
유투브 수익은 어떻게 배분하나욤??,0
미르씨 누나들이 부끄러웠던 시절이있나요? 사춘기때 부끄러워서 밖에서는 아는척하지말라고햤을거같애요,0
큰누나 직업이에요??,0
미르씨 고은아씨  몸무게는~?집 평수와 가격 궁굼해요~남양주로 이사가고싶네요,0
니가왜거기서나와의 노래에서 목소리 효진누나맞죠?,0
광고 좀 더 넣어주세요..,0
"효진씨 너무 매력있어요 이렇게 매력 넘치는 걸 어떻게 누르고 지냈는지... 전에 고은아 때에 모습은 나와는 다른 깍쟁이라 생각해서 거리감 있었는데, 해맑고 가식없는 성격을 알게 되서 참 좋아요 ㅎㅎ 어떻게 세 남매가 이렇게 허물 없이 지낼 수 있는지, 부모님과도 어려움 없이 친밀하게 지내시던데 어떻게 하면 이렇게 잘 지낼 수 있는건지 비결이 궁금합니다... 어린 시절 어떤 가정 분위기에서 자랐는지도요 ㅎㅎ 응원합니다",0
"방가족들의 새해목표는? 얼마나 이루어졌나요?
앞으로 반년이 남았으니 그 반년간의 목표는?",0
효진언니는 컨텐츠를 찍으신후 후회한적은 없는지 궁금해요,0
"저도 남동생이 있는 누나로서 미르씨랑 누나들이랑 보면 사이가 너무너무 좋아보이는게 부럽더라구요. 
그렇다고 나쁜 사이는 아닌데 정말 미르 남매는 누가봐도 가족이상으로 둘 도 없는 사이이랄까.. 그렇게 보이거든요.. 근데 저는 동생이랑 되게 가깝게 지내고 싶고 미르남매처럼 나이를 먹어서라도 그렇게 재밌게 지내고 싶은데 남동생은 아직도 제가 껄끄럽데요 ㅋㅋ 미르 누나들처럼 우쭈쭈해주고 아양떨구 막 그러면요 ㅋㅋ 결국 제 말은 미르남매처럼 평생 늙어서까지 우애가 돈독하고 평생에 둘 도 없는 가장 친한 친구이자 가족이 되고 싶은데 미르 남매에겐 어떤 그렇게 지낼 수 밖에 없었던 계기라던지.. 아니면 뭐 노하우라도.. 있는걸까요? 타고 난 걸까요? ㅋㅋ 저도 남동생이랑 잘지내고 싶어요 ㅠㅠ 미르 남매가 너무 보기 좋아서요..???????? 어쩜 그리 우애가 돈독한지 궁금합미다!!!!??????",1
미르님 방송다시 하신다면 무슨 방송 나가고싶으세요??,0
삼남매 겟레디위드미 찍어주실 생각 없나요?????,0
큰누나직업은먼가요!?!??!!!,0
"1. 큰누나 연애, 결혼썰 궁금해요!
2. 매형은 출연 절대 안한다고 하셨는데 그 이유는 뭔가요?
3. 하진이는 이모, 삼촌, 엄마를 보면서 무슨생각을 할까...
4. 효진언니랑 미르님 방송 쉬는동안은 생활을 어떻게 하셨는지 (모아놓은 돈으로 채운건지?)
5. 큰누나 원래 직업?은 뭔가요
6. 집구경 시켜주세요! (집구조 귱금,,)
7. 미르님이 어떤 사람과 연애or결혼 했으면 좋겠는지 누나들의 생각 궁금해요! (이런면은 꼭 있었으면 좋겠다, 이건 절대 아니였으면 좋겠다 등등) 
8. 세분 각각 본인만의 인생 가치관? 신념 있으신지
9. 미르님! 엠블랙은 이벤트성으로라도 한번 재결합 할 가능성이 있나요??
10. 미르님이랑 효진언니는 연예인 중 누구와 가장 친한가요
11. 큰누나는 하진이 동생 만들어줄 생각은 없으신가욤???",0
오빠 뱀을 키우셨잖아요! 고동이? 그 뱀 두 마리? 어디갔어요? 멤버들 털 알레르기 때문에 숙소에서 반려동물 못 키웠는데 뱀과 악어를 키웠대요. 저는 이게 지난 7년 동안 궁금했어요!! 인스타 라이브도 가끔 해주세요ㅠㅠ 음악 얘기나 영화 얘기 같이 해요!!,1
미르님은 결혼할 생각 없으신가요?,0
방송활동은 안하시는건가요? 앞으로 앨범 계획이랑 방송계획 어떻게 되세요??? 다시 음악방송 나오시는거 보고싶어요,0
"방송에 나와주세요
연예인은 방송에 나오는게 보답하는거라생각해요",0
숲속티 공구 계획 없으신지 궁금해요,0
고은아로 살 때 힘든점? 방효진으로 살 때 힘든점?,0
효진씨 가수 정준영씨랑 마지막으로 연락한지가 언젠가요?,1
삼남매 술먹방 도전의향?,0
처남 축하하네,0
고은아님 랄랄이나 양팡과의 합방 계획은 없으신지,0
"만쉐이????? 큐엔에이 너무 광범위해서 왠만한건 다른분들이 여쭐거같9...,, 
전부터 넘나궁금한건데 아이돌계 일루미나티 반영된 음모론(?) 실제로 뮤비나 곡에 의도적으로 들어가나효..?
(부적절한 큐엔에이면 가차없이 무시해주데yo??)",0
"철용찡 지오디에서 최애 누구인지, 왜 그 사람이 최애인지 이유 좀 알려주세요! 그리고 가장 좋아하는 노래와 그 이유도 가르쳐 주시면 영광일 것 같아요 ㅋㅋㅋㅋㅋㅋㅋㅋㅋ 저야말로 
글고... 방효진 언니는 키 168이라고 했는뎈ㅋㅋㅋ 본인 키는 어떻게 되시는짘ㅋㅋㅋㅋ (싫으면 패스하세요)",0
누나들이랑 한 집에서 사시는 건가용?,0
방효진누님 소개팅 후기 좀 올려줘요,0
남매간 인연 끊었을때 썰좀 풀어주세요,0
"40만 츅츅~~
혹시 유튜버 보겸씨랑 같이 영상 한 번 찍으신다면#~",0
비룡행님이랑은 연락하고지내시나요??,0
인터넷에 큰누나 이혼했다고 뜨는데 맞나요??,0
내 동생이 이런 여자 만나면 좋겠다/ 누나가 이런남자 만나면 좋겠다 ?,0
소개팅후기,0
우리가 바라는건 방효진 공듀 시집보내는 것 뿐,3
여자연예인 몇명대쉬받았는지 몇명사겼는지?,0
"1. 자매끼리 싸울때 어떻게 싸우나요?몸으로 치고박는 타입인지 말로 조지는 타입인지...
2. 살면서 가장 심하게 싸웠을때는...?(예를들면 우리집 머리끄댕이 잡고 싸우다가 옆에있는 선풍기 망가지고 나 입술터져서 피줄줄 남)
3. 옆동네 딘딘은 네모의 꿈 틀어놓고 누나들한테  맞았다는데 특히 기억나는 사건이 있나요...?
4. 실제로는 큰누나가 무서운가요 작은누나가 무서운가요?
5. 큰누나랑 작은누나는 옷공유를 하나요.. ? 옷 공유를 하다보면 옷때문에 싸우는 일도 많은데 어떻게 해결하는지도 알려주세요.
6. 세 남매 좋아하는 음식은 뭔가요?
7. 효진언니가 해준 음식중 제일 맛있었던 음식은? 다 맛있겠지만 하나 고른다면
8. 영상에서 자주 추는 그 특유의 막춤에 이름을 붙인다면 어떤 이름을 붙여주고 싶나요?
9. 개그맨쪽으로 나갈 생각은 없었나요..?
10. 유튜브 수익금 관리는 보통 누가하나요...?  효진언니가 하면 다 술살것 같아서 다른사람이 할 것 같긴 한데.. 또 효진언니가 은근히 꼼꼼할 수도  있을 것 같고... 또 정해졌다면 수익금 관리 문제로 의견충돌은 없었나요?",0
"40만 축하드립니다^-^!!!!
진짜 궁금한건데
오마이베이비 에 나왔던 효진언니랑 컨셉이 너무달라서요ㅎㅎ
혹시 오마이베이비 찍으면서 있었던
에피소드 있나요?
그리구 거기에 나오셨던 이모님들은?
게스트같은 존재였었나요?
궁금해요!!!♡♡",2
고은아..아니 효진씨.. 용인고 시절 기억하시나여 은아씨가 모닝부터(그당시 8시등교니까 못해도 7시반) 양념통닭을 싸오셔서 옆반인 저도 줬어요 기억하나요??? 이쁜 여신 은아씨가 차게식은 양념통닭을 씹으면서 저한테 권했던게 저의 삼년 고등학교생활중에 최고의 기억이였어요,0
고은아의 남자연예인/여자연예인 이상형월드컵,0
방씨 삼남매 털 관리 어떻게하세요?,0
참 착해요 미르씨랑 언니랑 효진씨랑 다.. 늘 응원할께요 저희도 제가 큰딸이고 여동생 남동생 이렇게 있어요 이정도까진 아니지만 잘 지내려고 노력도 하는 관계입니다^^ 그래서 보면서 배우는거도 있어요  궁금한건데 ㅋㅋ제 남동생이보면 웃겠지만 누나들을 진심으로 좋아하고 이해 되나요? 하하하하 전 남동생이 약간 우리 둘때문에 여자에 대한 환상도 없고 뭔가 여자들은 다 저런가 하는 눈빛을 많이 봐서.. ㅋㅋㅋ 응원하고 좋아합니다 방씨네~~^^,0
"1. 작은누나 소개팅썰. 
술 드셨는지, 드셨다면 안취하셨는지, 잘되어가고있는지, 그분은 유튭구독하셨는지....
2. 삼남매 최근에 싸운 적 있는지? (서로 얘기 안하고 문쾅!할정도) 왜 싸웠어요? 누가이겼음?
3. 하진이가 누구를 더 좋아하나
미르vs고은아
4. 치타언니 옷 존예 내취향ㅎ 삼남매 옷쇼핑 컨텐츠 만들생각없으신지ㅋㅋㅋ 인터넷쇼핑가능가능.
5. (코로나상황이 나아지면)셋이 노래방가는 컨텐츠 찍어주실수있는지ㅎ 방구석 노래방도 환영ㅎ 미르 가수아이돌짬바 보고싶음ㅎ 선곡취향도 궁금
6. 유튭 영상 계속 인기 치솟고 있는데 주변친구들, 어머님 아버님 큰누나가족들(시부모님?....ㅎ) 반응어떤지
7. 영상에 달린 댓글 중에 맘에 드는 댓글, 기억에 남는 댓글! 자기전에 곱씹게 되는 댓글.
8. 서로에게 얼마까지 꿔줄수있나요? (돈먹고 잠수타도 소송 안 할 정도 액수)
9. 휴대폰에 저장된 서로의 호칭은? (이름세글자vs애칭)

40만 축하드려요. 가족들 캐릭터가 너무 귀엽고 유쾌해서 할수있는 컨텐츠가 무한할것같아요! 100만까지 함께해요",0
"미르님 진짜 사나이에 꽂아줬더니 힘들다고 바로 빠져오고 그자리에 뒷차로 들어간 박형식이 대박쳤을 때 하진이 아버님 가슴이 찢어진 건 아는지요? 
대표님이 정말이지 그 때 에휴~~",0
Q&A 안하면 안돼요? 별로 궁금한거 없는데,0
효선언니... 남편있으신데 와이프자리 남으니 제가 와이프해도 될까오...? 효진언니 여자친구자리 아직 남아있는데 제가 여자친구해도 될까여....?,0
1.소개팅날 만취여부 2.소개팅날 가방진품? 3.소개팅날 무사히 집귀가?,1
